cal_date,is_open
20200101,1
20200102,1
20200103,1
20200104,0
20200105,0
20200106,1
20200107,1
20200108,1
20200109,1
20200110,1
20200111,0
20200112,0
20200113,1
20200114,1
20200115,1
20200116,1
20200117,1
20200118,0
20200119,0
20200120,1
20200121,1
20200122,1
20200123,1
20200124,1
20200125,0
20200126,0
20200127,1
20200128,1
20200129,1
20200130,1
20200131,1
20200201,0
20200202,0
20200203,1
20200204,1
20200205,1
20200206,1
20200207,1
20200208,0
20200209,0
20200210,1
20200211,1
20200212,1
20200213,1
20200214,1
20200215,0
20200216,0
20200217,1
20200218,1
20200219,1
20200220,1
20200221,1
20200222,0
20200223,0
20200224,1
20200225,1
20200226,1
20200227,1
20200228,1
20200229,0
20200301,0
20200302,1
20200303,1
20200304,1
20200305,1
20200306,1
20200307,0
20200308,0
20200309,1
20200310,1
20200311,1
20200312,1
20200313,1
20200314,0
20200315,0
20200316,1
20200317,1
20200318,1
20200319,1
20200320,1
20200321,0
20200322,0
20200323,1
20200324,1
20200325,1
20200326,1
20200327,1
20200328,0
20200329,0
20200330,1
20200331,1
20200401,1
20200402,1
20200403,1
20200404,0
20200405,0
20200406,1
20200407,1
20200408,1
20200409,1
20200410,1
20200411,0
20200412,0
20200413,1
20200414,1
20200415,1
20200416,1
20200417,1
20200418,0
20200419,0
20200420,1
20200421,1
20200422,1
20200423,1
20200424,1
20200425,0
20200426,0
20200427,1
20200428,1
20200429,1
20200430,1
20200501,1
20200502,0
20200503,0
20200504,1
20200505,1
20200506,1
20200507,1
20200508,1
20200509,0
20200510,0
20200511,1
20200512,1
20200513,1
20200514,1
20200515,1
20200516,0
20200517,0
20200518,1
20200519,1
20200520,1
20200521,1
20200522,1
20200523,0
20200524,0
20200525,1
20200526,1
20200527,1
20200528,1
20200529,1
20200530,0
20200531,0
20200601,1
20200602,1
20200603,1
20200604,1
20200605,1
20200606,0
20200607,0
20200608,1
20200609,1
20200610,1
20200611,1
20200612,1
20200613,0
20200614,0
20200615,1
20200616,1
20200617,1
20200618,1
20200619,1
20200620,0
20200621,0
20200622,1
20200623,1
20200624,1
20200625,1
20200626,1
20200627,0
20200628,0
20200629,1
20200630,1
20200701,1
20200702,1
20200703,1
20200704,0
20200705,0
20200706,1
20200707,1
20200708,1
20200709,1
20200710,1
20200711,0
20200712,0
20200713,1
20200714,1
20200715,1
20200716,1
20200717,1
20200718,0
20200719,0
20200720,1
20200721,1
20200722,1
20200723,1
20200724,1
20200725,0
20200726,0
20200727,1
20200728,1
20200729,1
20200730,1
20200731,1
20200801,0
20200802,0
20200803,1
20200804,1
20200805,1
20200806,1
20200807,1
20200808,0
20200809,0
20200810,1
20200811,1
20200812,1
20200813,1
20200814,1
20200815,0
20200816,0
20200817,1
20200818,1
20200819,1
20200820,1
20200821,1
20200822,0
20200823,0
20200824,1
20200825,1
20200826,1
20200827,1
20200828,1
20200829,0
20200830,0
20200831,1
20200901,1
20200902,1
20200903,1
20200904,1
20200905,0
20200906,0
20200907,1
20200908,1
20200909,1
20200910,1
20200911,1
20200912,0
20200913,0
20200914,1
20200915,1
20200916,1
20200917,1
20200918,1
20200919,0
20200920,0
20200921,1
20200922,1
20200923,1
20200924,1
20200925,1
20200926,0
20200927,0
20200928,1
20200929,1
20200930,1
20201001,1
20201002,1
20201003,0
20201004,0
20201005,1
20201006,1
20201007,1
20201008,1
20201009,1
20201010,0
20201011,0
20201012,1
20201013,1
20201014,1
20201015,1
20201016,1
20201017,0
20201018,0
20201019,1
20201020,1
20201021,1
20201022,1
20201023,1
20201024,0
20201025,0
20201026,1
20201027,1
20201028,1
20201029,1
20201030,1
20201031,0
20201101,0
20201102,1
20201103,1
20201104,1
20201105,1
20201106,1
20201107,0
20201108,0
20201109,1
20201110,1
20201111,1
20201112,1
20201113,1
20201114,0
20201115,0
20201116,1
20201117,1
20201118,1
20201119,1
20201120,1
20201121,0
20201122,0
20201123,1
20201124,1
20201125,1
20201126,1
20201127,1
20201128,0
20201129,0
20201130,1
20201201,1
20201202,1
20201203,1
20201204,1
20201205,0
20201206,0
20201207,1
20201208,1
20201209,1
20201210,1
20201211,1
20201212,0
20201213,0
20201214,1
20201215,1
20201216,1
20201217,1
20201218,1
20201219,0
20201220,0
20201221,1
20201222,1
20201223,1
20201224,1
20201225,1
20201226,0
20201227,0
20201228,1
20201229,1
20201230,1
20201231,1
20210101,1
20210102,0
20210103,0
20210104,1
20210105,1
20210106,1
20210107,1
20210108,1
20210109,0
20210110,0
20210111,1
20210112,1
20210113,1
20210114,1
20210115,1
20210116,0
20210117,0
20210118,1
20210119,1
20210120,1
20210121,1
20210122,1
20210123,0
20210124,0
20210125,1
20210126,1
20210127,1
20210128,1
20210129,1
20210130,0
20210131,0
20210201,1
20210202,1
20210203,1
20210204,1
20210205,1
20210206,0
20210207,0
20210208,1
20210209,1
20210210,1
20210211,1
20210212,1
20210213,0
20210214,0
20210215,1
20210216,1
20210217,1
20210218,1
20210219,1
20210220,0
20210221,0
20210222,1
20210223,1
20210224,1
20210225,1
20210226,1
20210227,0
20210228,0
20210301,1
20210302,1
20210303,1
20210304,1
20210305,1
20210306,0
20210307,0
20210308,1
20210309,1
20210310,1
20210311,1
20210312,1
20210313,0
20210314,0
20210315,1
20210316,1
20210317,1
20210318,1
20210319,1
20210320,0
20210321,0
20210322,1
20210323,1
20210324,1
20210325,1
20210326,1
20210327,0
20210328,0
20210329,1
20210330,1
20210331,1
20210401,1
20210402,1
20210403,0
20210404,0
20210405,1
20210406,1
20210407,1
20210408,1
20210409,1
20210410,0
20210411,0
20210412,1
20210413,1
20210414,1
20210415,1
20210416,1
20210417,0
20210418,0
20210419,1
20210420,1
20210421,1
20210422,1
20210423,1
20210424,0
20210425,0
20210426,1
20210427,1
20210428,1
20210429,1
20210430,1
20210501,0
20210502,0
20210503,1
20210504,1
20210505,1
20210506,1
20210507,1
20210508,0
20210509,0
20210510,1
20210511,1
20210512,1
20210513,1
20210514,1
20210515,0
20210516,0
20210517,1
20210518,1
20210519,1
20210520,1
20210521,1
20210522,0
20210523,0
20210524,1
20210525,1
20210526,1
20210527,1
20210528,1
20210529,0
20210530,0
20210531,1
20210601,1
20210602,1
20210603,1
20210604,1
20210605,0
20210606,0
20210607,1
20210608,1
20210609,1
20210610,1
20210611,1
20210612,0
20210613,0
20210614,1
20210615,1
20210616,1
20210617,1
20210618,1
20210619,0
20210620,0
20210621,1
20210622,1
20210623,1
20210624,1
20210625,1
20210626,0
20210627,0
20210628,1
20210629,1
20210630,1
20210701,1
20210702,1
20210703,0
20210704,0
20210705,1
20210706,1
20210707,1
20210708,1
20210709,1
20210710,0
20210711,0
20210712,1
20210713,1
20210714,1
20210715,1
20210716,1
20210717,0
20210718,0
20210719,1
20210720,1
20210721,1
20210722,1
20210723,1
20210724,0
20210725,0
20210726,1
20210727,1
20210728,1
20210729,1
20210730,1
20210731,0
20210801,0
20210802,1
20210803,1
20210804,1
20210805,1
20210806,1
20210807,0
20210808,0
20210809,1
20210810,1
20210811,1
20210812,1
20210813,1
20210814,0
20210815,0
20210816,1
20210817,1
20210818,1
20210819,1
20210820,1
20210821,0
20210822,0
20210823,1
20210824,1
20210825,1
20210826,1
20210827,1
20210828,0
20210829,0
20210830,1
20210831,1
20210901,1
20210902,1
20210903,1
20210904,0
20210905,0
20210906,1
20210907,1
20210908,1
20210909,1
20210910,1
20210911,0
20210912,0
20210913,1
20210914,1
20210915,1
20210916,1
20210917,1
20210918,0
20210919,0
20210920,1
20210921,1
20210922,1
20210923,1
20210924,1
20210925,0
20210926,0
20210927,1
20210928,1
20210929,1
20210930,1
20211001,1
20211002,0
20211003,0
20211004,1
20211005,1
20211006,1
20211007,1
20211008,1
20211009,0
20211010,0
20211011,1
20211012,1
20211013,1
20211014,1
20211015,1
20211016,0
20211017,0
20211018,1
20211019,1
20211020,1
20211021,1
20211022,1
20211023,0
20211024,0
20211025,1
20211026,1
20211027,1
20211028,1
20211029,1
20211030,0
20211031,0
20211101,1
20211102,1
20211103,1
20211104,1
20211105,1
20211106,0
20211107,0
20211108,1
20211109,1
20211110,1
20211111,1
20211112,1
20211113,0
20211114,0
20211115,1
20211116,1
20211117,1
20211118,1
20211119,1
20211120,0
20211121,0
20211122,1
20211123,1
20211124,1
20211125,1
20211126,1
20211127,0
20211128,0
20211129,1
20211130,1
20211201,1
20211202,1
20211203,1
20211204,0
20211205,0
20211206,1
20211207,1
20211208,1
20211209,1
20211210,1
20211211,0
20211212,0
20211213,1
20211214,1
20211215,1
20211216,1
20211217,1
20211218,0
20211219,0
20211220,1
20211221,1
20211222,1
20211223,1
20211224,1
20211225,0
20211226,0
20211227,1
20211228,1
20211229,1
20211230,1
20211231,1
20220101,0
20220102,0
20220103,1
20220104,1
20220105,1
20220106,1
20220107,1
20220108,0
20220109,0
20220110,1
20220111,1
20220112,1
20220113,1
20220114,1
20220115,0
20220116,0
20220117,1
20220118,1
20220119,1
20220120,1
20220121,1
20220122,0
20220123,0
20220124,1
20220125,1
20220126,1
20220127,1
20220128,1
20220129,0
20220130,0
20220131,1
20220201,1
20220202,1
20220203,1
20220204,1
20220205,0
20220206,0
20220207,1
20220208,1
20220209,1
20220210,1
20220211,1
20220212,0
20220213,0
20220214,1
20220215,1
20220216,1
20220217,1
20220218,1
20220219,0
20220220,0
20220221,1
20220222,1
20220223,1
20220224,1
20220225,1
20220226,0
20220227,0
20220228,1
20220301,1
20220302,1
20220303,1
20220304,1
20220305,0
20220306,0
20220307,1
20220308,1
20220309,1
20220310,1
20220311,1
20220312,0
20220313,0
20220314,1
20220315,1
20220316,1
20220317,1
20220318,1
20220319,0
20220320,0
20220321,1
20220322,1
20220323,1
20220324,1
20220325,1
20220326,0
20220327,0
20220328,1
20220329,1
20220330,1
20220331,1
20220401,1
20220402,0
20220403,0
20220404,1
20220405,1
20220406,1
20220407,1
20220408,1
20220409,0
20220410,0
20220411,1
20220412,1
20220413,1
20220414,1
20220415,1
20220416,0
20220417,0
20220418,1
20220419,1
20220420,1
20220421,1
20220422,1
20220423,0
20220424,0
20220425,1
20220426,1
20220427,1
20220428,1
20220429,1
20220430,0
20220501,0
20220502,1
20220503,1
20220504,1
20220505,1
20220506,1
20220507,0
20220508,0
20220509,1
20220510,1
20220511,1
20220512,1
20220513,1
20220514,0
20220515,0
20220516,1
20220517,1
20220518,1
20220519,1
20220520,1
20220521,0
20220522,0
20220523,1
20220524,1
20220525,1
20220526,1
20220527,1
20220528,0
20220529,0
20220530,1
20220531,1
20220601,1
20220602,1
20220603,1
20220604,0
20220605,0
20220606,1
20220607,1
20220608,1
20220609,1
20220610,1
20220611,0
20220612,0
20220613,1
20220614,1
20220615,1
20220616,1
20220617,1
20220618,0
20220619,0
20220620,1
20220621,1
20220622,1
20220623,1
20220624,1
20220625,0
20220626,0
20220627,1
20220628,1
20220629,1
20220630,1
20220701,1
20220702,0
20220703,0
20220704,1
20220705,1
20220706,1
20220707,1
20220708,1
20220709,0
20220710,0
20220711,1
20220712,1
20220713,1
20220714,1
20220715,1
20220716,0
20220717,0
20220718,1
20220719,1
20220720,1
20220721,1
20220722,1
20220723,0
20220724,0
20220725,1
20220726,1
20220727,1
20220728,1
20220729,1
20220730,0
20220731,0
20220801,1
20220802,1
20220803,1
20220804,1
20220805,1
20220806,0
20220807,0
20220808,1
20220809,1
20220810,1
20220811,1
20220812,1
20220813,0
20220814,0
20220815,1
20220816,1
20220817,1
20220818,1
20220819,1
20220820,0
20220821,0
20220822,1
20220823,1
20220824,1
20220825,1
20220826,1
20220827,0
20220828,0
20220829,1
20220830,1
20220831,1
20220901,1
20220902,1
20220903,0
20220904,0
20220905,1
20220906,1
20220907,1
20220908,1
20220909,1
20220910,0
20220911,0
20220912,1
20220913,1
20220914,1
20220915,1
20220916,1
20220917,0
20220918,0
20220919,1
20220920,1
20220921,1
20220922,1
20220923,1
20220924,0
20220925,0
20220926,1
20220927,1
20220928,1
20220929,1
20220930,1
20221001,0
20221002,0
20221003,1
20221004,1
20221005,1
20221006,1
20221007,1
20221008,0
20221009,0
20221010,1
20221011,1
20221012,1
20221013,1
20221014,1
20221015,0
20221016,0
20221017,1
20221018,1
20221019,1
20221020,1
20221021,1
20221022,0
20221023,0
20221024,1
20221025,1
20221026,1
20221027,1
20221028,1
20221029,0
20221030,0
20221031,1
20221101,1
20221102,1
20221103,1
20221104,1
20221105,0
20221106,0
20221107,1
20221108,1
20221109,1
20221110,1
20221111,1
20221112,0
20221113,0
20221114,1
20221115,1
20221116,1
20221117,1
20221118,1
20221119,0
20221120,0
20221121,1
20221122,1
20221123,1
20221124,1
20221125,1
20221126,0
20221127,0
20221128,1
20221129,1
20221130,1
20221201,1
20221202,1
20221203,0
20221204,0
20221205,1
20221206,1
20221207,1
20221208,1
20221209,1
20221210,0
20221211,0
20221212,1
20221213,1
20221214,1
20221215,1
20221216,1
20221217,0
20221218,0
20221219,1
20221220,1
20221221,1
20221222,1
20221223,1
20221224,0
20221225,0
20221226,1
20221227,1
20221228,1
20221229,1
20221230,1
20221231,0
20230101,0
20230102,1
20230103,1
20230104,1
20230105,1
20230106,1
20230107,0
20230108,0
20230109,1
20230110,1
20230111,1
20230112,1
20230113,1
20230114,0
20230115,0
20230116,1
20230117,1
20230118,1
20230119,1
20230120,1
20230121,0
20230122,0
20230123,1
20230124,1
20230125,1
20230126,1
20230127,1
20230128,0
20230129,0
20230130,1
20230131,1
20230201,1
20230202,1
20230203,1
20230204,0
20230205,0
20230206,1
20230207,1
20230208,1
20230209,1
20230210,1
20230211,0
20230212,0
20230213,1
20230214,1
20230215,1
20230216,1
20230217,1
20230218,0
20230219,0
20230220,1
20230221,1
20230222,1
20230223,1
20230224,1
20230225,0
20230226,0
20230227,1
20230228,1
20230301,1
20230302,1
20230303,1
20230304,0
20230305,0
20230306,1
20230307,1
20230308,1
20230309,1
20230310,1
20230311,0
20230312,0
20230313,1
20230314,1
20230315,1
20230316,1
20230317,1
20230318,0
20230319,0
20230320,1
20230321,1
20230322,1
20230323,1
20230324,1
20230325,0
20230326,0
20230327,1
20230328,1
20230329,1
20230330,1
20230331,1
20230401,0
20230402,0
20230403,1
20230404,1
20230405,1
20230406,1
20230407,1
20230408,0
20230409,0
20230410,1
20230411,1
20230412,1
20230413,1
20230414,1
20230415,0
20230416,0
20230417,1
20230418,1
20230419,1
20230420,1
20230421,1
20230422,0
20230423,0
20230424,1
20230425,1
20230426,1
20230427,1
20230428,1
20230429,0
20230430,0
20230501,1
20230502,1
20230503,1
20230504,1
20230505,1
20230506,0
20230507,0
20230508,1
20230509,1
20230510,1
20230511,1
20230512,1
20230513,0
20230514,0
20230515,1
20230516,1
20230517,1
20230518,1
20230519,1
20230520,0
20230521,0
20230522,1
20230523,1
20230524,1
20230525,1
20230526,1
20230527,0
20230528,0
20230529,1
20230530,1
20230531,1
20230601,1
20230602,1
20230603,0
20230604,0
20230605,1
20230606,1
20230607,1
20230608,1
20230609,1
20230610,0
20230611,0
20230612,1
20230613,1
20230614,1
20230615,1
20230616,1
20230617,0
20230618,0
20230619,1
20230620,1
20230621,1
20230622,1
20230623,1
20230624,0
20230625,0
20230626,1
20230627,1
20230628,1
20230629,1
20230630,1
20230701,0
20230702,0
20230703,1
20230704,1
20230705,1
20230706,1
20230707,1
20230708,0
20230709,0
20230710,1
20230711,1
20230712,1
20230713,1
20230714,1
20230715,0
20230716,0
20230717,1
20230718,1
20230719,1
20230720,1
20230721,1
20230722,0
20230723,0
20230724,1
20230725,1
20230726,1
20230727,1
20230728,1
20230729,0
20230730,0
20230731,1
20230801,1
20230802,1
20230803,1
20230804,1
20230805,0
20230806,0
20230807,1
20230808,1
20230809,1
20230810,1
20230811,1
20230812,0
20230813,0
20230814,1
20230815,1
20230816,1
20230817,1
20230818,1
20230819,0
20230820,0
20230821,1
20230822,1
20230823,1
20230824,1
20230825,1
20230826,0
20230827,0
20230828,1
20230829,1
20230830,1
20230831,1
20230901,1
20230902,0
20230903,0
20230904,1
20230905,1
20230906,1
20230907,1
20230908,1
20230909,0
20230910,0
20230911,1
20230912,1
20230913,1
20230914,1
20230915,1
20230916,0
20230917,0
20230918,1
20230919,1
20230920,1
20230921,1
20230922,1
20230923,0
20230924,0
20230925,1
20230926,1
20230927,1
20230928,1
20230929,1
20230930,0
20231001,0
20231002,1
20231003,1
20231004,1
20231005,1
20231006,1
20231007,0
20231008,0
20231009,1
20231010,1
20231011,1
20231012,1
20231013,1
20231014,0
20231015,0
20231016,1
20231017,1
20231018,1
20231019,1
20231020,1
20231021,0
20231022,0
20231023,1
20231024,1
20231025,1
20231026,1
20231027,1
20231028,0
20231029,0
20231030,1
20231031,1
20231101,1
20231102,1
20231103,1
20231104,0
20231105,0
20231106,1
20231107,1
20231108,1
20231109,1
20231110,1
20231111,0
20231112,0
20231113,1
20231114,1
20231115,1
20231116,1
20231117,1
20231118,0
20231119,0
20231120,1
20231121,1
20231122,1
20231123,1
20231124,1
20231125,0
20231126,0
20231127,1
20231128,1
20231129,1
20231130,1
20231201,1
20231202,0
20231203,0
20231204,1
20231205,1
20231206,1
20231207,1
20231208,1
20231209,0
20231210,0
20231211,1
20231212,1
20231213,1
20231214,1
20231215,1
20231216,0
20231217,0
20231218,1
20231219,1
20231220,1
20231221,1
20231222,1
20231223,0
20231224,0
20231225,1
20231226,1
20231227,1
20231228,1
20231229,1
20231230,0
20231231,0
20240101,1
20240102,1
20240103,1
20240104,1
20240105,1
20240106,0
20240107,0
20240108,1
20240109,1
20240110,1
20240111,1
20240112,1
20240113,0
20240114,0
20240115,1
20240116,1
20240117,1
20240118,1
20240119,1
20240120,0
20240121,0
20240122,1
20240123,1
20240124,1
20240125,1
20240126,1
20240127,0
20240128,0
20240129,1
20240130,1
20240131,1
20240201,1
20240202,1
20240203,0
20240204,0
20240205,1
20240206,1
20240207,1
20240208,1
20240209,1
20240210,0
20240211,0
20240212,1
20240213,1
20240214,1
20240215,1
20240216,1
20240217,0
20240218,0
20240219,1
20240220,1
20240221,1
20240222,1
20240223,1
20240224,0
20240225,0
20240226,1
20240227,1
20240228,1
20240229,1
20240301,1
20240302,0
20240303,0
20240304,1
20240305,1
20240306,1
20240307,1
20240308,1
20240309,0
20240310,0
20240311,1
20240312,1
20240313,1
20240314,1
20240315,1
20240316,0
20240317,0
20240318,1
20240319,1
20240320,1
20240321,1
20240322,1
20240323,0
20240324,0
20240325,1
20240326,1
20240327,1
20240328,1
20240329,1
20240330,0
20240331,0
20240401,1
20240402,1
20240403,1
20240404,1
20240405,1
20240406,0
20240407,0
20240408,1
20240409,1
20240410,1
20240411,1
20240412,1
20240413,0
20240414,0
20240415,1
20240416,1
20240417,1
20240418,1
20240419,1
20240420,0
20240421,0
20240422,1
20240423,1
20240424,1
20240425,1
20240426,1
20240427,0
20240428,0
20240429,1
20240430,1
20240501,1
20240502,1
20240503,1
20240504,0
20240505,0
20240506,1
20240507,1
20240508,1
20240509,1
20240510,1
20240511,0
20240512,0
20240513,1
20240514,1
20240515,1
20240516,1
20240517,1
20240518,0
20240519,0
20240520,1
20240521,1
20240522,1
20240523,1
20240524,1
20240525,0
20240526,0
20240527,1
20240528,1
20240529,1
20240530,1
20240531,1
20240601,0
20240602,0
20240603,1
20240604,1
20240605,1
20240606,1
20240607,1
20240608,0
20240609,0
20240610,1
20240611,1
20240612,1
20240613,1
20240614,1
20240615,0
20240616,0
20240617,1
20240618,1
20240619,1
20240620,1
20240621,1
20240622,0
20240623,0
20240624,1
20240625,1
20240626,1
20240627,1
20240628,1
20240629,0
20240630,0
20240701,1
20240702,1
20240703,1
20240704,1
20240705,1
20240706,0
20240707,0
20240708,1
20240709,1
20240710,1
20240711,1
20240712,1
20240713,0
20240714,0
20240715,1
20240716,1
20240717,1
20240718,1
20240719,1
20240720,0
20240721,0
20240722,1
20240723,1
20240724,1
20240725,1
20240726,1
20240727,0
20240728,0
20240729,1
20240730,1
20240731,1
20240801,1
20240802,1
20240803,0
20240804,0
20240805,1
20240806,1
20240807,1
20240808,1
20240809,1
20240810,0
20240811,0
20240812,1
20240813,1
20240814,1
20240815,1
20240816,1
20240817,0
20240818,0
20240819,1
20240820,1
20240821,1
20240822,1
20240823,1
20240824,0
20240825,0
20240826,1
20240827,1
20240828,1
20240829,1
20240830,1
20240831,0
20240901,0
20240902,1
20240903,1
20240904,1
20240905,1
20240906,1
20240907,0
20240908,0
20240909,1
20240910,1
20240911,1
20240912,1
20240913,1
20240914,0
20240915,0
20240916,1
20240917,1
20240918,1
20240919,1
20240920,1
20240921,0
20240922,0
20240923,1
20240924,1
20240925,1
20240926,1
20240927,1
20240928,0
20240929,0
20240930,1
20241001,1
20241002,1
20241003,1
20241004,1
20241005,0
20241006,0
20241007,1
20241008,1
20241009,1
20241010,1
20241011,1
20241012,0
20241013,0
20241014,1
20241015,1
20241016,1
20241017,1
20241018,1
20241019,0
20241020,0
20241021,1
20241022,1
20241023,1
20241024,1
20241025,1
20241026,0
20241027,0
20241028,1
20241029,1
20241030,1
20241031,1
20241101,1
20241102,0
20241103,0
20241104,1
20241105,1
20241106,1
20241107,1
20241108,1
20241109,0
20241110,0
20241111,1
20241112,1
20241113,1
20241114,1
20241115,1
20241116,0
20241117,0
20241118,1
20241119,1
20241120,1
20241121,1
20241122,1
20241123,0
20241124,0
20241125,1
20241126,1
20241127,1
20241128,1
20241129,1
20241130,0
20241201,0
20241202,1
20241203,1
20241204,1
20241205,1
20241206,1
20241207,0
20241208,0
20241209,1
20241210,1
20241211,1
20241212,1
20241213,1
20241214,0
20241215,0
20241216,1
20241217,1
20241218,1
20241219,1
20241220,1
20241221,0
20241222,0
20241223,1
20241224,1
20241225,1
20241226,1
20241227,1
20241228,0
20241229,0
20241230,1
20241231,1
20250101,1
20250102,1
20250103,1
20250104,0
20250105,0
20250106,1
20250107,1
20250108,1
20250109,1
20250110,1
20250111,0
20250112,0
20250113,1
20250114,1
20250115,1
20250116,1
20250117,1
20250118,0
20250119,0
20250120,1
20250121,1
20250122,1
20250123,1
20250124,1
20250125,0
20250126,0
20250127,1
20250128,1
20250129,1
20250130,1
20250131,1
20250201,0
20250202,0
20250203,1
20250204,1
20250205,1
20250206,1
20250207,1
20250208,0
20250209,0
20250210,1
20250211,1
20250212,1
20250213,1
20250214,1
20250215,0
20250216,0
20250217,1
20250218,1
20250219,1
20250220,1
20250221,1
20250222,0
20250223,0
20250224,1
20250225,1
20250226,1
20250227,1
20250228,1
20250301,0
20250302,0
20250303,1
20250304,1
20250305,1
20250306,1
20250307,1
20250308,0
20250309,0
20250310,1
20250311,1
20250312,1
20250313,1
20250314,1
20250315,0
20250316,0
20250317,1
20250318,1
20250319,1
20250320,1
20250321,1
20250322,0
20250323,0
20250324,1
20250325,1
20250326,1
20250327,1
20250328,1
20250329,0
20250330,0
20250331,1
20250401,1
20250402,1
20250403,1
20250404,1
20250405,0
20250406,0
20250407,1
20250408,1
20250409,1
20250410,1
20250411,1
20250412,0
20250413,0
20250414,1
20250415,1
20250416,1
20250417,1
20250418,1
20250419,0
20250420,0
20250421,1
20250422,1
20250423,1
20250424,1
20250425,1
20250426,0
20250427,0
20250428,1
20250429,1
20250430,1
20250501,1
20250502,1
20250503,0
20250504,0
20250505,1
20250506,1
20250507,1
20250508,1
20250509,1
20250510,0
20250511,0
20250512,1
20250513,1
20250514,1
20250515,1
20250516,1
20250517,0
20250518,0
20250519,1
20250520,1
20250521,1
20250522,1
20250523,1
20250524,0
20250525,0
20250526,1
20250527,1
20250528,1
20250529,1
20250530,1
20250531,0
20250601,0
20250602,1
20250603,1
20250604,1
20250605,1
20250606,1
20250607,0
20250608,0
20250609,1
20250610,1
20250611,1
20250612,1
20250613,1
20250614,0
20250615,0
20250616,1
20250617,1
20250618,1
20250619,1
20250620,1
20250621,0
20250622,0
20250623,1
20250624,1
20250625,1
20250626,1
20250627,1
20250628,0
20250629,0
20250630,1
20250701,1
20250702,1
20250703,1
20250704,1
20250705,0
20250706,0
20250707,1
20250708,1
20250709,1
20250710,1
20250711,1
20250712,0
20250713,0
20250714,1
20250715,1
20250716,1
20250717,1
20250718,1
20250719,0
20250720,0
20250721,1
20250722,1
20250723,1
20250724,1
20250725,1
20250726,0
20250727,0
20250728,1
20250729,1
20250730,1
20250731,1
20250801,1
20250802,0
20250803,0
20250804,1
20250805,1
20250806,1
20250807,1
20250808,1
20250809,0
20250810,0
20250811,1
20250812,1
20250813,1
20250814,1
20250815,1
20250816,0
20250817,0
20250818,1
20250819,1
20250820,1
20250821,1
20250822,1
20250823,0
20250824,0
20250825,1
20250826,1
20250827,1
20250828,1
20250829,1
20250830,0
20250831,0
20250901,1
20250902,1
20250903,1
20250904,1
20250905,1
20250906,0
20250907,0
20250908,1
20250909,1
20250910,1
20250911,1
20250912,1
20250913,0
20250914,0
20250915,1
20250916,1
20250917,1
20250918,1
20250919,1
20250920,0
20250921,0
20250922,1
20250923,1
20250924,1
20250925,1
20250926,1
20250927,0
20250928,0
20250929,1
20250930,1
20251001,1
20251002,1
20251003,1
20251004,0
20251005,0
20251006,1
20251007,1
20251008,1
20251009,1
20251010,1
20251011,0
20251012,0
20251013,1
20251014,1
20251015,1
20251016,1
20251017,1
20251018,0
20251019,0
20251020,1
20251021,1
20251022,1
20251023,1
20251024,1
20251025,0
20251026,0
20251027,1
20251028,1
20251029,1
20251030,1
20251031,1
20251101,0
20251102,0
20251103,1
20251104,1
20251105,1
20251106,1
20251107,1
20251108,0
20251109,0
20251110,1
20251111,1
20251112,1
20251113,1
20251114,1
20251115,0
20251116,0
20251117,1
20251118,1
20251119,1
20251120,1
20251121,1
20251122,0
20251123,0
20251124,1
20251125,1
20251126,1
20251127,1
20251128,1
20251129,0
20251130,0
20251201,1
20251202,1
20251203,1
20251204,1
20251205,1
20251206,0
20251207,0
20251208,1
20251209,1
20251210,1
20251211,1
20251212,1
20251213,0
20251214,0
20251215,1
20251216,1
20251217,1
20251218,1
20251219,1
20251220,0
20251221,0
20251222,1
20251223,1
20251224,1
20251225,1
20251226,1
20251227,0
20251228,0
20251229,1
20251230,1
20251231,1
20260101,1
20260102,1
20260103,0
20260104,0
20260105,1
20260106,1
20260107,1
20260108,1
20260109,1
20260110,0
20260111,0
20260112,1
20260113,1
20260114,1
20260115,1
20260116,1
20260117,0
20260118,0
20260119,1
20260120,1
20260121,1
20260122,1
20260123,1
20260124,0
20260125,0
20260126,1
20260127,1
20260128,1
20260129,1
20260130,1
20260131,0
20260201,0
20260202,1
20260203,1
20260204,1
20260205,1
20260206,1
20260207,0
20260208,0
20260209,1
20260210,1
20260211,1
20260212,1
20260213,1
20260214,0
20260215,0
20260216,1
20260217,1
20260218,1
20260219,1
20260220,1
20260221,0
20260222,0
20260223,1
20260224,1
20260225,1
20260226,1
20260227,1
20260228,0
20260301,0
20260302,1
20260303,1
20260304,1
20260305,1
20260306,1
20260307,0
20260308,0
20260309,1
20260310,1
20260311,1
20260312,1
20260313,1
20260314,0
20260315,0
20260316,1
20260317,1
20260318,1
20260319,1
20260320,1
20260321,0
20260322,0
20260323,1
20260324,1
20260325,1
20260326,1
20260327,1
20260328,0
20260329,0
20260330,1
20260331,1
20260401,1
20260402,1
20260403,1
20260404,0
20260405,0
20260406,1
20260407,1
20260408,1
20260409,1
20260410,1
20260411,0
20260412,0
20260413,1
20260414,1
20260415,1
20260416,1
20260417,1
20260418,0
20260419,0
20260420,1
20260421,1
20260422,1
20260423,1
20260424,1
20260425,0
20260426,0
20260427,1
20260428,1
20260429,1
20260430,1
20260501,1
20260502,0
20260503,0
20260504,1
20260505,1
20260506,1
20260507,1
20260508,1
20260509,0
20260510,0
20260511,1
20260512,1
20260513,1
20260514,1
20260515,1
20260516,0
20260517,0
20260518,1
20260519,1
20260520,1
20260521,1
20260522,1
20260523,0
20260524,0
20260525,1
20260526,1
20260527,1
20260528,1
20260529,1
20260530,0
20260531,0
20260601,1
20260602,1
20260603,1
20260604,1
20260605,1
20260606,0
20260607,0
20260608,1
20260609,1
20260610,1
20260611,1
20260612,1
20260613,0
20260614,0
20260615,1
20260616,1
20260617,1
20260618,1
20260619,1
20260620,0
20260621,0
20260622,1
20260623,1
20260624,1
20260625,1
20260626,1
20260627,0
20260628,0
20260629,1
20260630,1
20260701,1
20260702,1
20260703,1
20260704,0
20260705,0
20260706,1
20260707,1
20260708,1
20260709,1
20260710,1
20260711,0
20260712,0
20260713,1
20260714,1
20260715,1
20260716,1
20260717,1
20260718,0
20260719,0
20260720,1
20260721,1
20260722,1
20260723,1
20260724,1
20260725,0
20260726,0
20260727,1
20260728,1
20260729,1
20260730,1
20260731,1
20260801,0
20260802,0
20260803,1
20260804,1
20260805,1
20260806,1
20260807,1
20260808,0
20260809,0
20260810,1
20260811,1
20260812,1
20260813,1
20260814,1
20260815,0
20260816,0
20260817,1
20260818,1
20260819,1
20260820,1
20260821,1
20260822,0
20260823,0
20260824,1
20260825,1
20260826,1
20260827,1
20260828,1
20260829,0
20260830,0
20260831,1
20260901,1
20260902,1
20260903,1
20260904,1
20260905,0
20260906,0
20260907,1
20260908,1
20260909,1
20260910,1
20260911,1
20260912,0
20260913,0
20260914,1
20260915,1
20260916,1
20260917,1
20260918,1
20260919,0
20260920,0
20260921,1
20260922,1
20260923,1
20260924,1
20260925,1
20260926,0
20260927,0
20260928,1
20260929,1
20260930,1
20261001,1
20261002,1
20261003,0
20261004,0
20261005,1
20261006,1
20261007,1
20261008,1
20261009,1
20261010,0
20261011,0
20261012,1
20261013,1
20261014,1
20261015,1
20261016,1
20261017,0
20261018,0
20261019,1
20261020,1
20261021,1
20261022,1
20261023,1
20261024,0
20261025,0
20261026,1
20261027,1
20261028,1
20261029,1
20261030,1
20261031,0
20261101,0
20261102,1
20261103,1
20261104,1
20261105,1
20261106,1
20261107,0
20261108,0
20261109,1
20261110,1
20261111,1
20261112,1
20261113,1
20261114,0
20261115,0
20261116,1
20261117,1
20261118,1
20261119,1
20261120,1
20261121,0
20261122,0
20261123,1
20261124,1
20261125,1
20261126,1
20261127,1
20261128,0
20261129,0
20261130,1
20261201,1
20261202,1
20261203,1
20261204,1
20261205,0
20261206,0
20261207,1
20261208,1
20261209,1
20261210,1
20261211,1
20261212,0
20261213,0
20261214,1
20261215,1
20261216,1
20261217,1
20261218,1
20261219,0
20261220,0
20261221,1
20261222,1
20261223,1
20261224,1
20261225,1
20261226,0
20261227,0
20261228,1
20261229,1
20261230,1
20261231,1
20270101,1
20270102,0
20270103,0
20270104,1
20270105,1
20270106,1
20270107,1
20270108,1
20270109,0
20270110,0
20270111,1
20270112,1
20270113,1
20270114,1
20270115,1
20270116,0
20270117,0
20270118,1
20270119,1
20270120,1
20270121,1
20270122,1
20270123,0
20270124,0
20270125,1
20270126,1
20270127,1
20270128,1
20270129,1
20270130,0
20270131,0
20270201,1
20270202,1
20270203,1
20270204,1
20270205,1
20270206,0
20270207,0
20270208,1
20270209,1
20270210,1
20270211,1
20270212,1
20270213,0
20270214,0
20270215,1
20270216,1
20270217,1
20270218,1
20270219,1
20270220,0
20270221,0
20270222,1
20270223,1
20270224,1
20270225,1
20270226,1
20270227,0
20270228,0
20270301,1
20270302,1
20270303,1
20270304,1
20270305,1
20270306,0
20270307,0
20270308,1
20270309,1
20270310,1
20270311,1
20270312,1
20270313,0
20270314,0
20270315,1
20270316,1
20270317,1
20270318,1
20270319,1
20270320,0
20270321,0
20270322,1
20270323,1
20270324,1
20270325,1
20270326,1
20270327,0
20270328,0
20270329,1
20270330,1
20270331,1
20270401,1
20270402,1
20270403,0
20270404,0
20270405,1
20270406,1
20270407,1
20270408,1
20270409,1
20270410,0
20270411,0
20270412,1
20270413,1
20270414,1
20270415,1
20270416,1
20270417,0
20270418,0
20270419,1
20270420,1
20270421,1
20270422,1
20270423,1
20270424,0
20270425,0
20270426,1
20270427,1
20270428,1
20270429,1
20270430,1
20270501,0
20270502,0
20270503,1
20270504,1
20270505,1
20270506,1
20270507,1
20270508,0
20270509,0
20270510,1
20270511,1
20270512,1
20270513,1
20270514,1
20270515,0
20270516,0
20270517,1
20270518,1
20270519,1
20270520,1
20270521,1
20270522,0
20270523,0
20270524,1
20270525,1
20270526,1
20270527,1
20270528,1
20270529,0
20270530,0
20270531,1
20270601,1
20270602,1
20270603,1
20270604,1
20270605,0
20270606,0
20270607,1
20270608,1
20270609,1
20270610,1
20270611,1
20270612,0
20270613,0
20270614,1
20270615,1
20270616,1
20270617,1
20270618,1
20270619,0
20270620,0
20270621,1
20270622,1
20270623,1
20270624,1
20270625,1
20270626,0
20270627,0
20270628,1
20270629,1
20270630,1
20270701,1
20270702,1
20270703,0
20270704,0
20270705,1
20270706,1
20270707,1
20270708,1
20270709,1
20270710,0
20270711,0
20270712,1
20270713,1
20270714,1
20270715,1
20270716,1
20270717,0
20270718,0
20270719,1
20270720,1
20270721,1
20270722,1
20270723,1
20270724,0
20270725,0
20270726,1
20270727,1
20270728,1
20270729,1
20270730,1
20270731,0
20270801,0
20270802,1
20270803,1
20270804,1
20270805,1
20270806,1
20270807,0
20270808,0
20270809,1
20270810,1
20270811,1
20270812,1
20270813,1
20270814,0
20270815,0
20270816,1
20270817,1
20270818,1
20270819,1
20270820,1
20270821,0
20270822,0
20270823,1
20270824,1
20270825,1
20270826,1
20270827,1
20270828,0
20270829,0
20270830,1
20270831,1
20270901,1
20270902,1
20270903,1
20270904,0
20270905,0
20270906,1
20270907,1
20270908,1
20270909,1
20270910,1
20270911,0
20270912,0
20270913,1
20270914,1
20270915,1
20270916,1
20270917,1
20270918,0
20270919,0
20270920,1
20270921,1
20270922,1
20270923,1
20270924,1
20270925,0
20270926,0
20270927,1
20270928,1
20270929,1
20270930,1
20271001,1
20271002,0
20271003,0
20271004,1
20271005,1
20271006,1
20271007,1
20271008,1
20271009,0
20271010,0
20271011,1
20271012,1
20271013,1
20271014,1
20271015,1
20271016,0
20271017,0
20271018,1
20271019,1
20271020,1
20271021,1
20271022,1
20271023,0
20271024,0
20271025,1
20271026,1
20271027,1
20271028,1
20271029,1
20271030,0
20271031,0
20271101,1
20271102,1
20271103,1
20271104,1
20271105,1
20271106,0
20271107,0
20271108,1
20271109,1
20271110,1
20271111,1
20271112,1
20271113,0
20271114,0
20271115,1
20271116,1
20271117,1
20271118,1
20271119,1
20271120,0
20271121,0
20271122,1
20271123,1
20271124,1
20271125,1
20271126,1
20271127,0
20271128,0
20271129,1
20271130,1
20271201,1
20271202,1
20271203,1
20271204,0
20271205,0
20271206,1
20271207,1
20271208,1
20271209,1
20271210,1
20271211,0
20271212,0
20271213,1
20271214,1
20271215,1
20271216,1
20271217,1
20271218,0
20271219,0
20271220,1
20271221,1
20271222,1
20271223,1
20271224,1
20271225,0
20271226,0
20271227,1
20271228,1
20271229,1
20271230,1
20271231,1
20280101,0
20280102,0
20280103,1
20280104,1
20280105,1
20280106,1
20280107,1
20280108,0
20280109,0
20280110,1
20280111,1
20280112,1
20280113,1
20280114,1
20280115,0
20280116,0
20280117,1
20280118,1
20280119,1
20280120,1
20280121,1
20280122,0
20280123,0
20280124,1
20280125,1
20280126,1
20280127,1
20280128,1
20280129,0
20280130,0
20280131,1
20280201,1
20280202,1
20280203,1
20280204,1
20280205,0
20280206,0
20280207,1
20280208,1
20280209,1
20280210,1
20280211,1
20280212,0
20280213,0
20280214,1
20280215,1
20280216,1
20280217,1
20280218,1
20280219,0
20280220,0
20280221,1
20280222,1
20280223,1
20280224,1
20280225,1
20280226,0
20280227,0
20280228,1
20280229,1
20280301,1
20280302,1
20280303,1
20280304,0
20280305,0
20280306,1
20280307,1
20280308,1
20280309,1
20280310,1
20280311,0
20280312,0
20280313,1
20280314,1
20280315,1
20280316,1
20280317,1
20280318,0
20280319,0
20280320,1
20280321,1
20280322,1
20280323,1
20280324,1
20280325,0
20280326,0
20280327,1
20280328,1
20280329,1
20280330,1
20280331,1
20280401,0
20280402,0
20280403,1
20280404,1
20280405,1
20280406,1
20280407,1
20280408,0
20280409,0
20280410,1
20280411,1
20280412,1
20280413,1
20280414,1
20280415,0
20280416,0
20280417,1
20280418,1
20280419,1
20280420,1
20280421,1
20280422,0
20280423,0
20280424,1
20280425,1
20280426,1
20280427,1
20280428,1
20280429,0
20280430,0
20280501,1
20280502,1
20280503,1
20280504,1
20280505,1
20280506,0
20280507,0
20280508,1
20280509,1
20280510,1
20280511,1
20280512,1
20280513,0
20280514,0
20280515,1
20280516,1
20280517,1
20280518,1
20280519,1
20280520,0
20280521,0
20280522,1
20280523,1
20280524,1
20280525,1
20280526,1
20280527,0
20280528,0
20280529,1
20280530,1
20280531,1
20280601,1
20280602,1
20280603,0
20280604,0
20280605,1
20280606,1
20280607,1
20280608,1
20280609,1
20280610,0
20280611,0
20280612,1
20280613,1
20280614,1
20280615,1
20280616,1
20280617,0
20280618,0
20280619,1
20280620,1
20280621,1
20280622,1
20280623,1
20280624,0
20280625,0
20280626,1
20280627,1
20280628,1
20280629,1
20280630,1
20280701,0
20280702,0
20280703,1
20280704,1
20280705,1
20280706,1
20280707,1
20280708,0
20280709,0
20280710,1
20280711,1
20280712,1
20280713,1
20280714,1
20280715,0
20280716,0
20280717,1
20280718,1
20280719,1
20280720,1
20280721,1
20280722,0
20280723,0
20280724,1
20280725,1
20280726,1
20280727,1
20280728,1
20280729,0
20280730,0
20280731,1
20280801,1
20280802,1
20280803,1
20280804,1
20280805,0
20280806,0
20280807,1
20280808,1
20280809,1
20280810,1
20280811,1
20280812,0
20280813,0
20280814,1
20280815,1
20280816,1
20280817,1
20280818,1
20280819,0
20280820,0
20280821,1
20280822,1
20280823,1
20280824,1
20280825,1
20280826,0
20280827,0
20280828,1
20280829,1
20280830,1
20280831,1
20280901,1
20280902,0
20280903,0
20280904,1
20280905,1
20280906,1
20280907,1
20280908,1
20280909,0
20280910,0
20280911,1
20280912,1
20280913,1
20280914,1
20280915,1
20280916,0
20280917,0
20280918,1
20280919,1
20280920,1
20280921,1
20280922,1
20280923,0
20280924,0
20280925,1
20280926,1
20280927,1
20280928,1
20280929,1
20280930,0
20281001,0
20281002,1
20281003,1
20281004,1
20281005,1
20281006,1
20281007,0
20281008,0
20281009,1
20281010,1
20281011,1
20281012,1
20281013,1
20281014,0
20281015,0
20281016,1
20281017,1
20281018,1
20281019,1
20281020,1
20281021,0
20281022,0
20281023,1
20281024,1
20281025,1
20281026,1
20281027,1
20281028,0
20281029,0
20281030,1
20281031,1
20281101,1
20281102,1
20281103,1
20281104,0
20281105,0
20281106,1
20281107,1
20281108,1
20281109,1
20281110,1
20281111,0
20281112,0
20281113,1
20281114,1
20281115,1
20281116,1
20281117,1
20281118,0
20281119,0
20281120,1
20281121,1
20281122,1
20281123,1
20281124,1
20281125,0
20281126,0
20281127,1
20281128,1
20281129,1
20281130,1
20281201,1
20281202,0
20281203,0
20281204,1
20281205,1
20281206,1
20281207,1
20281208,1
20281209,0
20281210,0
20281211,1
20281212,1
20281213,1
20281214,1
20281215,1
20281216,0
20281217,0
20281218,1
20281219,1
20281220,1
20281221,1
20281222,1
20281223,0
20281224,0
20281225,1
20281226,1
20281227,1
20281228,1
20281229,1
20281230,0
20281231,0
20290101,1
20290102,1
20290103,1
20290104,1
20290105,1
20290106,0
20290107,0
20290108,1
20290109,1
20290110,1
20290111,1
20290112,1
20290113,0
20290114,0
20290115,1
20290116,1
20290117,1
20290118,1
20290119,1
20290120,0
20290121,0
20290122,1
20290123,1
20290124,1
20290125,1
20290126,1
20290127,0
20290128,0
20290129,1
20290130,1
20290131,1
20290201,1
20290202,1
20290203,0
20290204,0
20290205,1
20290206,1
20290207,1
20290208,1
20290209,1
20290210,0
20290211,0
20290212,1
20290213,1
20290214,1
20290215,1
20290216,1
20290217,0
20290218,0
20290219,1
20290220,1
20290221,1
20290222,1
20290223,1
20290224,0
20290225,0
20290226,1
20290227,1
20290228,1
20290301,1
20290302,1
20290303,0
20290304,0
20290305,1
20290306,1
20290307,1
20290308,1
20290309,1
20290310,0
20290311,0
20290312,1
20290313,1
20290314,1
20290315,1
20290316,1
20290317,0
20290318,0
20290319,1
20290320,1
20290321,1
20290322,1
20290323,1
20290324,0
20290325,0
20290326,1
20290327,1
20290328,1
20290329,1
20290330,1
20290331,0
20290401,0
20290402,1
20290403,1
20290404,1
20290405,1
20290406,1
20290407,0
20290408,0
20290409,1
20290410,1
20290411,1
20290412,1
20290413,1
20290414,0
20290415,0
20290416,1
20290417,1
20290418,1
20290419,1
20290420,1
20290421,0
20290422,0
20290423,1
20290424,1
20290425,1
20290426,1
20290427,1
20290428,0
20290429,0
20290430,1
20290501,1
20290502,1
20290503,1
20290504,1
20290505,0
20290506,0
20290507,1
20290508,1
20290509,1
20290510,1
20290511,1
20290512,0
20290513,0
20290514,1
20290515,1
20290516,1
20290517,1
20290518,1
20290519,0
20290520,0
20290521,1
20290522,1
20290523,1
20290524,1
20290525,1
20290526,0
20290527,0
20290528,1
20290529,1
20290530,1
20290531,1
20290601,1
20290602,0
20290603,0
20290604,1
20290605,1
20290606,1
20290607,1
20290608,1
20290609,0
20290610,0
20290611,1
20290612,1
20290613,1
20290614,1
20290615,1
20290616,0
20290617,0
20290618,1
20290619,1
20290620,1
20290621,1
20290622,1
20290623,0
20290624,0
20290625,1
20290626,1
20290627,1
20290628,1
20290629,1
20290630,0
20290701,0
20290702,1
20290703,1
20290704,1
20290705,1
20290706,1
20290707,0
20290708,0
20290709,1
20290710,1
20290711,1
20290712,1
20290713,1
20290714,0
20290715,0
20290716,1
20290717,1
20290718,1
20290719,1
20290720,1
20290721,0
20290722,0
20290723,1
20290724,1
20290725,1
20290726,1
20290727,1
20290728,0
20290729,0
20290730,1
20290731,1
20290801,1
20290802,1
20290803,1
20290804,0
20290805,0
20290806,1
20290807,1
20290808,1
20290809,1
20290810,1
20290811,0
20290812,0
20290813,1
20290814,1
20290815,1
20290816,1
20290817,1
20290818,0
20290819,0
20290820,1
20290821,1
20290822,1
20290823,1
20290824,1
20290825,0
20290826,0
20290827,1
20290828,1
20290829,1
20290830,1
20290831,1
20290901,0
20290902,0
20290903,1
20290904,1
20290905,1
20290906,1
20290907,1
20290908,0
20290909,0
20290910,1
20290911,1
20290912,1
20290913,1
20290914,1
20290915,0
20290916,0
20290917,1
20290918,1
20290919,1
20290920,1
20290921,1
20290922,0
20290923,0
20290924,1
20290925,1
20290926,1
20290927,1
20290928,1
20290929,0
20290930,0
20291001,1
20291002,1
20291003,1
20291004,1
20291005,1
20291006,0
20291007,0
20291008,1
20291009,1
20291010,1
20291011,1
20291012,1
20291013,0
20291014,0
20291015,1
20291016,1
20291017,1
20291018,1
20291019,1
20291020,0
20291021,0
20291022,1
20291023,1
20291024,1
20291025,1
20291026,1
20291027,0
20291028,0
20291029,1
20291030,1
20291031,1
20291101,1
20291102,1
20291103,0
20291104,0
20291105,1
20291106,1
20291107,1
20291108,1
20291109,1
20291110,0
20291111,0
20291112,1
20291113,1
20291114,1
20291115,1
20291116,1
20291117,0
20291118,0
20291119,1
20291120,1
20291121,1
20291122,1
20291123,1
20291124,0
20291125,0
20291126,1
20291127,1
20291128,1
20291129,1
20291130,1
20291201,0
20291202,0
20291203,1
20291204,1
20291205,1
20291206,1
20291207,1
20291208,0
20291209,0
20291210,1
20291211,1
20291212,1
20291213,1
20291214,1
20291215,0
20291216,0
20291217,1
20291218,1
20291219,1
20291220,1
20291221,1
20291222,0
20291223,0
20291224,1
20291225,1
20291226,1
20291227,1
20291228,1
20291229,0
20291230,0
20291231,1
20300101,1
20300102,1
20300103,1
20300104,1
20300105,0
20300106,0
20300107,1
20300108,1
20300109,1
20300110,1
20300111,1
20300112,0
20300113,0
20300114,1
20300115,1
20300116,1
20300117,1
20300118,1
20300119,0
20300120,0
20300121,1
20300122,1
20300123,1
20300124,1
20300125,1
20300126,0
20300127,0
20300128,1
20300129,1
20300130,1
20300131,1
20300201,1
20300202,0
20300203,0
20300204,1
20300205,1
20300206,1
20300207,1
20300208,1
20300209,0
20300210,0
20300211,1
20300212,1
20300213,1
20300214,1
20300215,1
20300216,0
20300217,0
20300218,1
20300219,1
20300220,1
20300221,1
20300222,1
20300223,0
20300224,0
20300225,1
20300226,1
20300227,1
20300228,1
20300301,1
20300302,0
20300303,0
20300304,1
20300305,1
20300306,1
20300307,1
20300308,1
20300309,0
20300310,0
20300311,1
20300312,1
20300313,1
20300314,1
20300315,1
20300316,0
20300317,0
20300318,1
20300319,1
20300320,1
20300321,1
20300322,1
20300323,0
20300324,0
20300325,1
20300326,1
20300327,1
20300328,1
20300329,1
20300330,0
20300331,0
20300401,1
20300402,1
20300403,1
20300404,1
20300405,1
20300406,0
20300407,0
20300408,1
20300409,1
20300410,1
20300411,1
20300412,1
20300413,0
20300414,0
20300415,1
20300416,1
20300417,1
20300418,1
20300419,1
20300420,0
20300421,0
20300422,1
20300423,1
20300424,1
20300425,1
20300426,1
20300427,0
20300428,0
20300429,1
20300430,1
20300501,1
20300502,1
20300503,1
20300504,0
20300505,0
20300506,1
20300507,1
20300508,1
20300509,1
20300510,1
20300511,0
20300512,0
20300513,1
20300514,1
20300515,1
20300516,1
20300517,1
20300518,0
20300519,0
20300520,1
20300521,1
20300522,1
20300523,1
20300524,1
20300525,0
20300526,0
20300527,1
20300528,1
20300529,1
20300530,1
20300531,1
20300601,0
20300602,0
20300603,1
20300604,1
20300605,1
20300606,1
20300607,1
20300608,0
20300609,0
20300610,1
20300611,1
20300612,1
20300613,1
20300614,1
20300615,0
20300616,0
20300617,1
20300618,1
20300619,1
20300620,1
20300621,1
20300622,0
20300623,0
20300624,1
20300625,1
20300626,1
20300627,1
20300628,1
20300629,0
20300630,0
20300701,1
20300702,1
20300703,1
20300704,1
20300705,1
20300706,0
20300707,0
20300708,1
20300709,1
20300710,1
20300711,1
20300712,1
20300713,0
20300714,0
20300715,1
20300716,1
20300717,1
20300718,1
20300719,1
20300720,0
20300721,0
20300722,1
20300723,1
20300724,1
20300725,1
20300726,1
20300727,0
20300728,0
20300729,1
20300730,1
20300731,1
20300801,1
20300802,1
20300803,0
20300804,0
20300805,1
20300806,1
20300807,1
20300808,1
20300809,1
20300810,0
20300811,0
20300812,1
20300813,1
20300814,1
20300815,1
20300816,1
20300817,0
20300818,0
20300819,1
20300820,1
20300821,1
20300822,1
20300823,1
20300824,0
20300825,0
20300826,1
20300827,1
20300828,1
20300829,1
20300830,1
20300831,0
20300901,0
20300902,1
20300903,1
20300904,1
20300905,1
20300906,1
20300907,0
20300908,0
20300909,1
20300910,1
20300911,1
20300912,1
20300913,1
20300914,0
20300915,0
20300916,1
20300917,1
20300918,1
20300919,1
20300920,1
20300921,0
20300922,0
20300923,1
20300924,1
20300925,1
20300926,1
20300927,1
20300928,0
20300929,0
20300930,1
20301001,1
20301002,1
20301003,1
20301004,1
20301005,0
20301006,0
20301007,1
20301008,1
20301009,1
20301010,1
20301011,1
20301012,0
20301013,0
20301014,1
20301015,1
20301016,1
20301017,1
20301018,1
20301019,0
20301020,0
20301021,1
20301022,1
20301023,1
20301024,1
20301025,1
20301026,0
20301027,0
20301028,1
20301029,1
20301030,1
20301031,1
20301101,1
20301102,0
20301103,0
20301104,1
20301105,1
20301106,1
20301107,1
20301108,1
20301109,0
20301110,0
20301111,1
20301112,1
20301113,1
20301114,1
20301115,1
20301116,0
20301117,0
20301118,1
20301119,1
20301120,1
20301121,1
20301122,1
20301123,0
20301124,0
20301125,1
20301126,1
20301127,1
20301128,1
20301129,1
20301130,0
20301201,0
20301202,1
20301203,1
20301204,1
20301205,1
20301206,1
20301207,0
20301208,0
20301209,1
20301210,1
20301211,1
20301212,1
20301213,1
20301214,0
20301215,0
20301216,1
20301217,1
20301218,1
20301219,1
20301220,1
20301221,0
20301222,0
20301223,1
20301224,1
20301225,1
20301226,1
20301227,1
20301228,0
20301229,0
20301230,1
20301231,1
