trade_date,ts_code,name,industry,open,high,low,close,pct_chg,vol,amount,turnover_rate,circ_mv,total_mv
20250901,000001.SZ,平安银行,银行,13.88,13.88,13.55,13.77,-0.32,968602,13338739.81,1.77,905.15,1086.06
20250902,000001.SZ,平安银行,银行,13.82,13.83,13.68,13.71,-0.48,997006,13664413.77,2.02,649.76,774.31
20250903,000001.SZ,平安银行,银行,13.69,13.78,13.68,13.72,0.07,1014132,13908960.71,1.11,658.84,868.13
20250904,000001.SZ,平安银行,银行,13.71,13.87,13.51,13.52,-1.44,549933,7434148.89,1.7,595.4,750.21
20250905,000001.SZ,平安银行,银行,13.45,13.64,13.33,13.61,0.7,1268260,17264177.81,1.0,362.65,369.05
20250908,000001.SZ,平安银行,银行,13.68,13.71,13.42,13.53,-0.64,1381632,18687254.47,1.16,8.87,11.25
20250909,000001.SZ,平安银行,银行,13.6,13.61,13.55,13.55,0.21,930856,12617317.06,2.11,661.36,683.48
20250910,000001.SZ,平安银行,银行,13.55,13.75,13.5,13.72,1.23,1334277,18307165.7,1.8,274.22,327.85
20250911,000001.SZ,平安银行,银行,13.67,13.73,13.51,13.54,-1.3,735576,9961723.39,0.27,635.22,802.09
20250912,000001.SZ,平安银行,银行,13.6,13.63,13.16,13.18,-2.69,1208367,15923718.85,2.49,425.02,536.82
20250915,000001.SZ,平安银行,银行,13.17,13.42,13.14,13.37,1.44,890314,11900830.17,2.16,722.55,830.32
20250916,000001.SZ,平安银行,银行,13.31,13.68,13.27,13.62,1.92,778662,10607903.1,0.08,512.5,580.64
20250917,000001.SZ,平安银行,银行,13.64,13.83,13.56,13.78,1.15,930268,12819581.67,1.63,256.67,315.08
20250918,000001.SZ,平安银行,银行,13.8,13.85,13.76,13.85,0.48,844406,11692371.33,1.58,447.17,475.49
20250919,000001.SZ,平安银行,银行,13.87,13.99,13.8,13.95,0.76,1043820,14562984.58,3.09,672.93,766.23
20250922,000001.SZ,平安银行,银行,13.94,14.08,13.86,13.87,-0.57,787310,10922059.69,1.83,685.14,703.78
20250923,000001.SZ,平安银行,银行,13.86,14.11,13.79,14.08,1.53,812804,11448326.46,1.23,460.19,524.03
20250924,000001.SZ,平安银行,银行,14.07,14.26,13.8,13.91,-1.25,1226723,17061803.5,1.3,420.77,486.5
20250925,000001.SZ,平安银行,银行,13.85,13.94,13.69,13.73,-1.26,654662,8990322.65,1.7,664.03,797.07
20250926,000001.SZ,平安银行,银行,13.68,14.05,13.64,13.95,1.55,1026737,14318021.0,2.46,695.73,750.97
20250929,000001.SZ,平安银行,银行,14.0,14.08,13.96,14.08,0.95,902158,12700294.41,2.08,757.8,960.44
20250930,000001.SZ,平安银行,银行,14.04,14.08,13.89,14.0,-0.58,531575,7439565.06,0.72,562.51,637.43
20251001,000001.SZ,平安银行,银行,14.04,14.11,13.99,14.06,0.47,1051464,14784130.89,1.78,166.75,210.74
20251002,000001.SZ,平安银行,银行,14.07,14.43,14.04,14.39,2.31,1185089,17048242.64,1.85,228.23,297.81
20251003,000001.SZ,平安银行,银行,14.45,14.52,14.42,14.42,0.27,1017286,14673735.38,1.47,464.6,554.47
20251006,000001.SZ,平安银行,银行,14.49,14.51,14.42,14.48,0.38,845803,12246755.96,3.11,676.13,789.45
20251007,000001.SZ,平安银行,银行,14.47,14.69,14.38,14.59,0.73,983139,14339758.34,2.33,401.04,447.85
20251008,000001.SZ,平安银行,银行,14.6,14.6,14.48,14.52,-0.47,1266618,18388302.17,1.35,320.05,385.73
20251009,000001.SZ,平安银行,银行,14.48,14.54,14.45,14.52,0.02,961137,13955995.75,1.99,660.46,678.36
20251010,000001.SZ,平安银行,银行,14.59,14.6,14.3,14.3,-1.5,1077910,15417527.56,2.53,441.76,504.42
20251013,000001.SZ,平安银行,银行,14.15,14.52,14.11,14.48,1.27,771993,11181713.25,3.19,368.26,463.87
20251014,000001.SZ,平安银行,银行,14.48,14.53,14.32,14.35,-0.96,887094,12725745.29,2.02,311.41,388.98
20251015,000001.SZ,平安银行,银行,14.34,14.56,14.33,14.4,0.39,899646,12956024.81,2.25,532.07,574.91
20251016,000001.SZ,平安银行,银行,14.36,14.54,14.33,14.54,0.98,1134013,16491312.22,2.67,640.35,730.15
20251017,000001.SZ,平安银行,银行,14.54,14.6,14.32,14.36,-1.25,831210,11937225.62,1.38,525.99,570.0
20251020,000001.SZ,平安银行,银行,14.31,14.44,14.1,14.12,-1.68,998104,14093623.94,1.87,422.86,434.64
20251021,000001.SZ,平安银行,银行,14.18,14.33,14.05,14.32,1.39,987678,14140109.49,2.15,659.35,824.01
20251022,000001.SZ,平安银行,银行,14.42,14.46,14.2,14.32,0.02,798443,11433026.53,2.76,515.27,658.38
20251023,000001.SZ,平安银行,银行,14.25,14.42,14.24,14.27,-0.38,1030778,14704441.5,1.97,422.0,527.75
20251024,000001.SZ,平安银行,银行,14.18,14.39,14.09,14.39,0.88,1393249,20050248.22,2.58,558.84,626.53
20251027,000001.SZ,平安银行,银行,14.41,14.44,14.22,14.36,-0.22,1023414,14695663.96,2.41,247.02,259.85
20251028,000001.SZ,平安银行,银行,14.33,14.42,14.26,14.3,-0.4,706398,10102550.04,2.27,637.9,773.04
20251029,000001.SZ,平安银行,银行,14.24,14.33,14.13,14.24,-0.4,844928,12035384.64,1.01,580.27,677.27
20251030,000001.SZ,平安银行,银行,14.32,14.33,14.0,14.14,-0.75,551289,7793617.5,2.36,568.22,681.39
20251031,000001.SZ,平安银行,银行,14.16,14.22,14.08,14.22,0.57,854619,12150499.55,1.81,359.28,424.92
20251103,000001.SZ,平安银行,银行,14.19,14.4,14.11,14.32,0.71,970693,13898155.29,2.16,111.45,145.27
20251104,000001.SZ,平安银行,银行,14.31,14.42,14.03,14.07,-1.74,1265938,17809565.3,2.05,548.79,608.59
20251105,000001.SZ,平安银行,银行,14.06,14.41,14.06,14.39,2.32,431884,6216710.19,0.44,454.74,471.51
20251106,000001.SZ,平安银行,银行,14.39,14.47,14.21,14.31,-0.57,1138499,16294933.0,2.11,433.67,562.5
20251107,000001.SZ,平安银行,银行,14.27,14.51,14.22,14.35,0.26,1109132,15915518.13,2.17,989.22,1092.2
20251110,000001.SZ,平安银行,银行,14.32,14.43,14.24,14.24,-0.73,983063,14003055.54,1.76,331.46,429.07
20251111,000001.SZ,平安银行,银行,14.28,14.36,14.25,14.3,0.42,933995,13359969.48,1.5,654.71,771.88
20251112,000001.SZ,平安银行,银行,14.3,14.3,14.13,14.16,-1.03,667694,9452814.67,2.06,334.13,392.56
20251113,000001.SZ,平安银行,银行,14.23,14.23,13.91,14.0,-1.1,865876,12124089.37,1.25,560.46,649.87
20251114,000001.SZ,平安银行,银行,13.99,14.06,13.78,13.85,-1.12,1087546,15057848.61,2.28,413.33,419.08
20251117,000001.SZ,平安银行,银行,13.87,13.9,13.61,13.66,-1.37,968144,13220589.86,2.91,220.56,266.59
20251118,000001.SZ,平安银行,银行,13.62,13.91,13.6,13.81,1.13,974464,13456896.46,0.77,749.99,904.26
20251119,000001.SZ,平安银行,银行,13.81,13.88,13.45,13.5,-2.22,887233,11979854.21,2.2,780.66,954.49
20251120,000001.SZ,平安银行,银行,13.57,13.63,13.54,13.62,0.89,1041090,14182478.72,1.59,641.04,735.87
20251121,000001.SZ,平安银行,银行,13.64,13.73,13.43,13.5,-0.9,1119017,15106674.15,2.3,284.71,334.21
20251124,000001.SZ,平安银行,银行,13.44,13.45,13.39,13.41,-0.67,841807,11288388.88,1.02,583.05,765.83
20251125,000001.SZ,平安银行,银行,13.34,13.36,13.33,13.36,-0.36,1100516,14704086.81,1.57,468.55,527.56
20251126,000001.SZ,平安银行,银行,13.38,13.4,13.11,13.16,-1.54,949667,12493282.89,1.8,522.24,591.11
20251127,000001.SZ,平安银行,银行,13.1,13.19,13.09,13.18,0.18,932501,12290117.81,1.38,134.76,144.27
20251128,000001.SZ,平安银行,银行,13.09,13.14,12.96,13.03,-1.16,774896,10094854.34,0.72,576.04,632.66
20251201,000001.SZ,平安银行,银行,13.02,13.16,12.98,13.13,0.77,1153119,15137355.52,1.44,454.36,546.5
20251202,000001.SZ,平安银行,银行,13.19,13.24,12.9,12.95,-1.32,1044614,13532353.58,2.38,450.74,562.17
20251203,000001.SZ,平安银行,银行,12.95,12.98,12.7,12.89,-0.47,914403,11789615.86,2.96,433.58,476.3
20251204,000001.SZ,平安银行,银行,12.89,12.92,12.87,12.88,-0.09,1003966,12932586.17,2.21,671.86,771.65
20251205,000001.SZ,平安银行,银行,12.85,12.87,12.82,12.83,-0.41,1416630,18173999.25,2.34,372.01,406.32
20251208,000001.SZ,平安银行,银行,12.88,13.13,12.8,13.11,2.19,873503,11451712.84,2.48,765.86,830.13
20251209,000001.SZ,平安银行,银行,13.14,13.36,13.07,13.32,1.58,1036368,13801158.72,2.12,693.29,796.35
20251210,000001.SZ,平安银行,银行,13.32,13.36,13.05,13.09,-1.7,876917,11479167.05,2.16,392.27,474.78
20251211,000001.SZ,平安银行,银行,13.01,13.32,12.99,13.26,1.27,1018661,13504149.84,1.55,601.32,754.32
20251212,000001.SZ,平安银行,银行,13.18,13.44,13.16,13.39,1.03,1213900,16257542.9,1.98,287.47,325.13
20251215,000001.SZ,平安银行,银行,13.36,13.54,13.29,13.53,1.04,844236,11423725.99,2.34,66.43,81.86
20251216,000001.SZ,平安银行,银行,13.52,13.62,13.28,13.35,-1.31,1266870,16918349.01,2.6,732.4,868.8
20251217,000001.SZ,平安银行,银行,13.36,13.6,13.31,13.49,0.99,962932,12986497.95,2.5,525.32,604.88
20251218,000001.SZ,平安银行,银行,13.48,13.48,13.26,13.28,-1.55,1146028,15216308.23,2.19,653.04,852.84
20251219,000001.SZ,平安银行,银行,13.33,13.48,13.25,13.38,0.79,965796,12924737.19,3.06,422.42,525.65
20251222,000001.SZ,平安银行,银行,13.41,13.48,13.21,13.23,-1.14,1184772,15674563.45,1.86,181.7,231.99
20251223,000001.SZ,平安银行,银行,13.24,13.39,13.14,13.39,1.19,991818,13277422.26,2.15,956.73,1139.38
20251224,000001.SZ,平安银行,银行,13.36,13.44,13.31,13.39,0.03,904436,12111068.03,1.5,463.07,619.55
20251225,000001.SZ,平安银行,银行,13.41,13.44,13.01,13.13,-1.93,852757,11198517.9,2.45,890.76,989.98
20251226,000001.SZ,平安银行,银行,13.05,13.32,12.99,13.3,1.27,793596,10553896.29,1.96,596.09,716.41
20251229,000001.SZ,平安银行,银行,13.31,13.37,13.01,13.1,-1.46,970357,12715946.81,2.91,776.87,928.81
20251230,000001.SZ,平安银行,银行,13.09,13.14,12.79,12.84,-2.02,911199,11699254.35,1.48,362.98,446.32
20251231,000001.SZ,平安银行,银行,12.83,12.9,12.63,12.64,-1.55,780086,9860676.0,0.91,800.82,1010.45
20250901,600519.SH,贵州茅台,白酒,12.94,13.06,12.84,13.04,1.0,1037730,13535403.64,3.03,381.44,424.67
20250902,600519.SH,贵州茅台,白酒,13.13,13.24,13.07,13.2,1.22,905220,11951638.2,0.94,454.81,614.0
20250903,600519.SH,贵州茅台,白酒,13.18,13.31,12.95,12.96,-1.86,1174848,15222962.26,1.01,418.12,557.18
20250904,600519.SH,贵州茅台,白酒,12.91,13.03,12.78,12.95,-0.09,1154658,14948117.49,1.4,710.14,913.73
20250905,600519.SH,贵州茅台,白酒,12.93,12.98,12.85,12.86,-0.66,1053565,13549351.57,0.68,679.54,755.97
20250908,600519.SH,贵州茅台,白酒,12.84,12.86,12.44,12.57,-2.27,925434,11631418.87,0.94,924.69,1124.45
20250909,600519.SH,贵州茅台,白酒,12.53,12.6,12.44,12.54,-0.26,945861,11857110.61,1.57,398.02,540.02
20250910,600519.SH,贵州茅台,白酒,12.56,12.58,12.45,12.46,-0.59,824549,10275445.58,2.53,821.73,981.78
20250911,600519.SH,贵州茅台,白酒,12.41,12.43,12.33,12.35,-0.92,979125,12089522.24,2.01,204.88,261.86
20250912,600519.SH,贵州茅台,白酒,12.34,12.39,12.29,12.38,0.23,1010684,12508439.83,1.32,733.25,848.12
20250915,600519.SH,贵州茅台,白酒,12.32,12.32,12.22,12.29,-0.73,896173,11010758.64,2.36,506.65,659.48
20250916,600519.SH,贵州茅台,白酒,12.27,12.34,12.24,12.32,0.31,1129274,13917069.58,2.02,417.82,536.68
20250917,600519.SH,贵州茅台,白酒,12.31,12.43,12.28,12.34,0.1,1047741,12924703.06,2.04,413.19,461.39
20250918,600519.SH,贵州茅台,白酒,12.34,12.35,12.3,12.31,-0.23,906364,11155364.14,2.27,546.73,614.93
20250919,600519.SH,贵州茅台,白酒,12.34,12.45,12.33,12.4,0.76,961167,11919805.34,1.07,650.93,659.77
20250922,600519.SH,贵州茅台,白酒,12.39,12.44,12.35,12.35,-0.39,807106,9970097.45,0.86,354.17,428.78
20250923,600519.SH,贵州茅台,白酒,12.35,12.4,12.33,12.36,0.06,1199552,14826103.53,1.12,506.73,690.09
20250924,600519.SH,贵州茅台,白酒,12.34,12.47,12.3,12.43,0.55,1001409,12445725.81,3.24,878.83,904.43
20250925,600519.SH,贵州茅台,白酒,12.5,12.55,12.48,12.52,0.7,1301448,16287901.07,1.61,590.4,704.99
20250926,600519.SH,贵州茅台,白酒,12.53,12.54,12.22,12.27,-1.93,1418677,17413201.36,2.55,426.52,531.02
20250929,600519.SH,贵州茅台,白酒,12.31,12.4,12.23,12.3,0.2,590963,7268270.08,2.49,496.2,563.67
20250930,600519.SH,贵州茅台,白酒,12.28,12.33,12.19,12.21,-0.73,901156,11002961.69,3.11,564.66,631.37
20251001,600519.SH,贵州茅台,白酒,12.25,12.28,12.12,12.14,-0.58,1144129,13888045.31,3.27,256.54,288.71
20251002,600519.SH,贵州茅台,白酒,12.16,12.18,11.89,11.93,-1.74,847554,10108984.38,2.55,471.58,540.88
20251003,600519.SH,贵州茅台,白酒,11.89,12.15,11.74,12.08,1.26,926453,11188754.54,1.57,354.52,420.57
20251006,600519.SH,贵州茅台,白酒,12.1,12.2,12.09,12.17,0.78,701985,8544215.77,2.23,803.76,1050.46
20251007,600519.SH,贵州茅台,白酒,12.2,12.22,12.15,12.15,-0.17,753127,9151264.33,1.75,528.11,624.81
20251008,600519.SH,贵州茅台,白酒,12.22,12.33,12.2,12.24,0.77,853763,10453976.14,1.48,304.44,366.36
20251009,600519.SH,贵州茅台,白酒,12.25,12.31,12.24,12.3,0.42,973589,11971395.16,1.41,844.93,1102.42
20251010,600519.SH,贵州茅台,白酒,12.26,12.3,12.18,12.18,-0.91,1251809,15252626.81,2.81,713.55,933.88
20251013,600519.SH,贵州茅台,白酒,12.21,12.35,12.2,12.32,1.11,651246,8022883.12,1.9,860.4,986.02
20251014,600519.SH,贵州茅台,白酒,12.36,12.36,12.21,12.24,-0.63,1311532,16056037.31,2.5,651.52,745.04
20251015,600519.SH,贵州茅台,白酒,12.26,12.35,12.19,12.3,0.5,1225214,15073870.84,2.14,637.9,692.44
20251016,600519.SH,贵州茅台,白酒,12.33,12.41,12.28,12.38,0.64,988248,12236718.95,1.03,568.18,698.56
20251017,600519.SH,贵州茅台,白酒,12.38,12.45,12.2,12.26,-0.95,1202108,14743585.94,1.88,432.37,501.95
20251020,600519.SH,贵州茅台,白酒,12.35,12.44,12.24,12.34,0.59,1269980,15668345.22,0.71,459.86,531.93
20251021,600519.SH,贵州茅台,白酒,12.4,12.53,12.4,12.49,1.25,1111435,13883640.28,1.61,374.3,423.8
20251022,600519.SH,贵州茅台,白酒,12.46,12.67,12.45,12.6,0.88,1150333,14496696.4,3.24,366.21,409.55
20251023,600519.SH,贵州茅台,白酒,12.56,12.7,12.56,12.66,0.43,1031371,13052982.89,1.01,423.58,532.96
20251024,600519.SH,贵州茅台,白酒,12.58,12.91,12.53,12.83,1.34,783452,10048496.12,0.83,583.28,675.53
20251027,600519.SH,贵州茅台,白酒,12.86,12.88,12.83,12.84,0.14,1094713,14059751.46,2.71,851.04,1165.46
20251028,600519.SH,贵州茅台,白酒,12.83,13.03,12.79,12.87,0.24,1085120,13970025.13,1.12,655.04,735.41
20251029,600519.SH,贵州茅台,白酒,12.82,12.86,12.81,12.82,-0.46,701501,8990118.0,1.29,484.54,520.58
20251030,600519.SH,贵州茅台,白酒,12.78,12.87,12.62,12.66,-1.25,802322,10154110.67,2.61,684.18,739.45
20251031,600519.SH,贵州茅台,白酒,12.64,12.73,12.62,12.66,0.04,951969,12052937.71,2.57,704.32,768.0
20251103,600519.SH,贵州茅台,白酒,12.68,12.76,12.46,12.61,-0.4,1254932,15824510.74,1.87,805.64,932.73
20251104,600519.SH,贵州茅台,白酒,12.61,12.69,12.5,12.51,-0.83,529614,6623026.68,2.55,178.8,197.1
20251105,600519.SH,贵州茅台,白酒,12.44,12.51,12.3,12.36,-1.16,877753,10849382.28,1.96,433.2,455.71
20251106,600519.SH,贵州茅台,白酒,12.4,12.46,12.33,12.34,-0.18,1123877,13866326.87,2.71,772.33,1057.82
20251107,600519.SH,贵州茅台,白酒,12.33,12.42,12.2,12.3,-0.32,1308131,16087948.58,0.13,456.06,513.32
20251110,600519.SH,贵州茅台,白酒,12.3,12.39,12.29,12.39,0.73,1260674,15617472.67,1.77,706.62,887.07
20251111,600519.SH,贵州茅台,白酒,12.41,12.44,12.34,12.43,0.36,1143243,14213257.82,2.57,471.22,599.9
20251112,600519.SH,贵州茅台,白酒,12.38,12.55,12.36,12.54,0.9,818967,10273258.48,2.26,331.36,383.24
20251113,600519.SH,贵州茅台,白酒,12.56,12.6,12.42,12.57,0.25,899262,11308168.04,2.2,258.83,323.06
20251114,600519.SH,贵州茅台,白酒,12.62,12.76,12.6,12.72,1.15,1252477,15931491.59,1.93,691.73,762.82
20251117,600519.SH,贵州茅台,白酒,12.76,12.93,12.71,12.9,1.38,968057,12484021.6,2.12,552.68,657.43
20251118,600519.SH,贵州茅台,白酒,12.9,12.99,12.74,12.87,-0.22,725625,9337185.78,0.76,362.6,372.02
20251119,600519.SH,贵州茅台,白酒,12.87,12.96,12.83,12.94,0.55,1031371,13344864.57,2.14,566.05,638.0
20251120,600519.SH,贵州茅台,白酒,12.88,13.1,12.68,13.02,0.65,881269,11476742.85,1.04,657.95,691.82
20251121,600519.SH,贵州茅台,白酒,12.96,13.39,12.93,13.26,1.82,1006143,13341690.65,2.35,938.52,1210.04
20251124,600519.SH,贵州茅台,白酒,13.31,13.32,12.86,12.96,-2.23,1152096,14935861.31,1.03,536.24,655.99
20251125,600519.SH,贵州茅台,白酒,12.99,13.06,12.87,12.88,-0.65,890536,11470126.82,1.85,884.58,1071.41
20251126,600519.SH,贵州茅台,白酒,12.88,12.93,12.74,12.74,-1.09,1032385,13152542.62,2.07,516.76,591.98
20251127,600519.SH,贵州茅台,白酒,12.78,12.84,12.78,12.8,0.45,1012139,12952539.4,3.0,715.87,806.78
20251128,600519.SH,贵州茅台,白酒,12.74,12.87,12.74,12.81,0.07,1125987,14419899.06,2.76,437.84,466.17
20251201,600519.SH,贵州茅台,白酒,12.8,12.88,12.79,12.86,0.4,1143145,14697735.93,2.52,668.72,771.76
20251202,600519.SH,贵州茅台,白酒,12.84,12.99,12.72,12.99,1.0,1071360,13911902.06,1.07,798.09,1037.52
20251203,600519.SH,贵州茅台,白酒,12.99,13.16,12.98,13.13,1.14,860013,11294867.89,3.22,426.33,491.1
20251204,600519.SH,贵州茅台,白酒,13.21,13.26,13.05,13.08,-0.44,990875,12955810.97,2.41,675.69,702.01
20251205,600519.SH,贵州茅台,白酒,13.07,13.24,13.04,13.19,0.9,1158385,15282910.3,3.41,529.58,664.99
20251208,600519.SH,贵州茅台,白酒,13.21,13.27,12.99,13.09,-0.81,897417,11743512.22,2.63,148.22,172.32
20251209,600519.SH,贵州茅台,白酒,13.02,13.19,13.02,13.16,0.6,1178078,15508812.32,0.98,721.9,888.35
20251210,600519.SH,贵州茅台,白酒,13.21,13.34,13.18,13.32,1.2,652110,8687451.85,0.92,298.94,348.32
20251211,600519.SH,贵州茅台,白酒,13.25,13.47,13.16,13.45,0.93,688459,9257288.27,3.18,519.71,708.63
20251212,600519.SH,贵州茅台,白酒,13.41,13.73,13.27,13.61,1.18,918995,12503485.49,1.08,638.23,774.59
20251215,600519.SH,贵州茅台,白酒,13.59,13.6,13.51,13.51,-0.67,1151102,15556288.83,1.72,431.37,543.55
20251216,600519.SH,贵州茅台,白酒,13.56,13.58,13.55,13.56,0.31,768800,10422283.94,3.2,221.24,269.96
20251217,600519.SH,贵州茅台,白酒,13.57,13.62,13.33,13.44,-0.89,957811,12868795.25,0.59,780.86,902.42
20251218,600519.SH,贵州茅台,白酒,13.41,13.5,13.13,13.22,-1.58,1254122,16584282.07,1.37,469.54,640.21
20251219,600519.SH,贵州茅台,白酒,13.21,13.27,13.05,13.13,-0.73,1241244,16293896.14,2.5,589.93,742.11
20251222,600519.SH,贵州茅台,白酒,13.19,13.26,13.16,13.26,1.02,795236,10545738.83,2.87,397.01,417.07
20251223,600519.SH,贵州茅台,白酒,13.26,13.32,13.16,13.23,-0.27,853800,11291924.7,1.36,434.37,468.63
20251224,600519.SH,贵州茅台,白酒,13.24,13.25,13.1,13.21,-0.11,761585,10061293.85,3.03,297.33,378.75
20251225,600519.SH,贵州茅台,白酒,13.2,13.36,13.18,13.29,0.63,822775,10938368.39,1.86,521.21,588.09
20251226,600519.SH,贵州茅台,白酒,13.28,13.36,13.25,13.26,-0.23,872550,11573780.89,0.54,432.45,506.71
20251229,600519.SH,贵州茅台,白酒,13.18,13.24,13.14,13.18,-0.6,1130099,14899319.91,2.26,248.63,301.41
20251230,600519.SH,贵州茅台,白酒,13.27,13.31,13.02,13.06,-0.93,689501,9006117.43,1.06,392.7,498.83
20251231,600519.SH,贵州茅台,白酒,13.07,13.26,13.0,13.13,0.55,814763,10700535.12,3.29,873.23,1120.03
20250901,600000.SH,浦发银行,银行,24.8,25.0,24.58,24.67,0.1,871097,21489737.96,2.36,1051.87,1086.49
20250902,600000.SH,浦发银行,银行,24.68,24.74,24.38,24.47,-0.8,1050557,25709177.61,2.46,794.8,955.17
20250903,600000.SH,浦发银行,银行,24.33,24.49,24.12,24.25,-0.9,1002010,24301614.38,2.55,25.41,30.86
20250904,600000.SH,浦发银行,银行,24.2,24.5,23.92,23.98,-1.13,918761,22031465.54,2.85,462.25,471.17
20250905,600000.SH,浦发银行,银行,23.97,24.32,23.74,24.28,1.26,1017202,24700500.6,2.93,579.22,709.67
20250908,600000.SH,浦发银行,银行,24.16,24.67,24.03,24.44,0.66,1159147,28332992.93,3.19,907.91,1197.16
20250909,600000.SH,浦发银行,银行,24.46,24.53,24.15,24.25,-0.77,987986,23962371.48,2.62,574.41,694.47
20250910,600000.SH,浦发银行,银行,24.24,24.44,24.19,24.36,0.42,969483,23612401.08,2.64,509.23,637.0
20250911,600000.SH,浦发银行,银行,24.23,24.42,23.92,24.38,0.11,911180,22217456.39,3.03,340.16,376.11
20250912,600000.SH,浦发银行,银行,24.37,24.46,23.85,23.99,-1.6,1012212,24285696.74,2.09,236.34,279.03
20250915,600000.SH,浦发银行,银行,23.97,24.19,23.94,24.09,0.42,1317550,31744137.77,2.0,590.15,732.07
20250916,600000.SH,浦发银行,银行,24.16,24.22,24.06,24.08,-0.04,1038256,25005533.45,3.69,362.34,405.85
20250917,600000.SH,浦发银行,银行,24.14,24.28,23.67,23.85,-0.97,858538,20475570.8,2.48,473.06,570.68
20250918,600000.SH,浦发银行,银行,24.06,24.24,23.76,23.9,0.23,858628,20524420.7,2.05,334.81,343.14
20250919,600000.SH,浦发银行,银行,23.82,23.97,23.8,23.92,0.08,925064,22129922.23,1.35,717.77,903.44
20250922,600000.SH,浦发银行,银行,23.92,24.02,23.75,23.77,-0.62,970059,23061355.96,1.65,509.3,596.36
20250923,600000.SH,浦发银行,银行,23.68,24.33,23.53,24.18,1.73,817512,19771408.79,1.33,277.73,319.58
20250924,600000.SH,浦发银行,银行,24.11,24.21,23.85,23.91,-1.13,1015371,24279958.26,1.59,429.72,535.06
20250925,600000.SH,浦发银行,银行,23.88,24.03,23.87,24.02,0.43,959046,23031832.13,1.84,468.87,544.18
20250926,600000.SH,浦发银行,银行,23.98,24.06,23.88,24.05,0.13,826251,19868277.09,2.03,573.43,597.44
20250929,600000.SH,浦发银行,银行,24.04,24.28,23.93,24.09,0.18,1019859,24567682.63,2.43,260.61,307.82
20250930,600000.SH,浦发银行,银行,24.21,24.47,24.11,24.36,1.13,1117632,27225875.34,3.54,770.97,902.21
20251001,600000.SH,浦发银行,银行,24.31,24.35,24.23,24.26,-0.41,921003,22344955.98,2.11,46.08,51.51
20251002,600000.SH,浦发银行,银行,24.14,24.57,24.12,24.55,1.18,1000114,24549670.04,2.22,117.28,142.4
20251003,600000.SH,浦发银行,银行,24.52,24.64,24.5,24.58,0.14,435448,10704194.98,1.55,154.26,174.14
20251006,600000.SH,浦发银行,银行,24.6,24.68,24.23,24.26,-1.3,963121,23367190.3,3.36,502.63,582.49
20251007,600000.SH,浦发银行,银行,24.28,24.71,24.17,24.67,1.69,864416,21327198.6,1.88,464.19,593.75
20251008,600000.SH,浦发银行,银行,24.66,25.02,24.46,25.0,1.32,643917,16097089.87,3.31,460.15,506.52
20251009,600000.SH,浦发银行,银行,24.95,25.1,24.87,24.92,-0.33,851032,21203660.8,1.64,501.06,614.13
20251010,600000.SH,浦发银行,银行,24.94,25.24,24.73,25.12,0.82,803626,20186151.09,1.45,666.36,743.43
20251013,600000.SH,浦发银行,银行,25.13,25.63,25.04,25.51,1.55,677259,17275679.54,2.44,371.51,497.12
20251014,600000.SH,浦发银行,银行,25.44,25.83,25.34,25.75,0.96,849028,21864379.39,1.84,771.47,1048.2
20251015,600000.SH,浦发银行,银行,25.68,25.96,25.64,25.73,-0.09,1053568,27106546.47,0.91,317.57,422.83
20251016,600000.SH,浦发银行,银行,25.72,25.76,24.86,25.26,-1.82,1267689,32023177.4,1.6,610.8,832.33
20251017,600000.SH,浦发银行,银行,25.17,25.53,25.01,25.39,0.52,1225717,31123398.59,1.56,564.82,615.82
20251020,600000.SH,浦发银行,银行,25.34,25.57,25.14,25.41,0.09,957766,24340645.32,3.44,470.83,545.79
20251021,600000.SH,浦发银行,银行,25.45,25.52,25.22,25.36,-0.21,1199435,30418455.25,3.04,568.06,666.18
20251022,600000.SH,浦发银行,银行,25.35,25.59,25.27,25.53,0.69,967407,24702673.35,1.25,1017.24,1475.97
20251023,600000.SH,浦发银行,银行,25.51,25.87,25.48,25.7,0.67,804450,20678274.01,2.12,303.39,379.54
20251024,600000.SH,浦发银行,银行,25.65,25.9,25.26,25.44,-1.02,587184,14938839.96,0.49,209.89,266.18
20251027,600000.SH,浦发银行,银行,25.38,25.42,25.02,25.15,-1.15,923199,23217378.39,2.16,577.44,713.41
20251028,600000.SH,浦发银行,银行,25.15,25.51,24.9,25.23,0.32,1206710,30443972.58,1.58,505.4,751.52
20251029,600000.SH,浦发银行,银行,25.19,25.64,25.11,25.62,1.53,1004336,25726270.42,1.58,513.78,564.92
20251030,600000.SH,浦发银行,银行,25.61,25.64,25.3,25.41,-0.79,812645,20650817.81,2.17,325.83,388.67
20251031,600000.SH,浦发银行,银行,25.4,25.71,25.06,25.22,-0.76,1117342,28177583.14,1.46,526.92,592.15
20251103,600000.SH,浦发银行,银行,25.31,25.4,25.31,25.33,0.44,1245820,31557330.39,1.55,256.4,295.67
20251104,600000.SH,浦发银行,银行,25.32,25.41,25.23,25.29,-0.17,835374,21124331.03,3.87,583.37,612.7
20251105,600000.SH,浦发银行,银行,25.12,25.34,24.99,25.24,-0.2,683287,17243959.26,1.83,195.66,241.31
20251106,600000.SH,浦发银行,银行,25.31,25.37,24.98,25.09,-0.59,1079565,27082790.63,2.52,790.35,840.77
20251107,600000.SH,浦发银行,银行,25.17,25.43,24.84,25.41,1.28,985589,25041113.46,1.96,270.42,336.52
20251110,600000.SH,浦发银行,银行,25.38,25.78,25.15,25.62,0.84,869564,22278061.12,3.22,575.72,724.97
20251111,600000.SH,浦发银行,银行,25.48,25.65,25.4,25.63,0.06,1132777,29038459.82,1.48,917.41,1131.66
20251112,600000.SH,浦发银行,银行,25.56,25.81,25.47,25.6,-0.13,1035828,26517825.22,1.88,584.39,795.23
20251113,600000.SH,浦发银行,银行,25.49,26.0,25.35,25.81,0.81,953543,24610039.16,1.57,209.82,248.14
20251114,600000.SH,浦发银行,银行,25.76,25.87,25.73,25.85,0.17,982847,25408524.6,1.6,493.37,678.82
20251117,600000.SH,浦发银行,银行,25.86,26.33,25.7,26.18,1.27,871640,22819736.16,2.34,458.6,508.81
20251118,600000.SH,浦发银行,银行,26.11,26.18,25.72,25.77,-1.58,664369,17118940.07,1.37,600.51,745.64
20251119,600000.SH,浦发银行,银行,25.69,25.81,25.59,25.73,-0.14,906358,23320856.56,0.94,661.64,843.66
20251120,600000.SH,浦发银行,银行,25.77,25.97,25.69,25.75,0.08,659324,16977396.14,1.71,415.62,469.2
20251121,600000.SH,浦发银行,银行,25.96,26.31,25.91,26.03,1.09,1207393,31430233.87,1.86,630.78,675.84
20251124,600000.SH,浦发银行,银行,26.12,26.27,25.83,25.84,-0.73,1209818,31264341.23,2.75,636.13,876.14
20251125,600000.SH,浦发银行,银行,25.74,26.18,25.57,26.0,0.62,1083524,28173736.62,1.22,377.94,492.27
20251126,600000.SH,浦发银行,银行,25.98,26.04,25.56,25.72,-1.08,1009614,25969125.55,0.51,410.96,425.4
20251127,600000.SH,浦发银行,银行,25.68,25.83,25.66,25.72,0.0,916505,23575005.11,2.17,759.74,860.2
20251128,600000.SH,浦发银行,银行,25.73,25.73,25.62,25.69,-0.14,779382,20019746.66,1.87,335.45,359.39
20251201,600000.SH,浦发银行,银行,25.75,25.81,25.46,25.51,-0.69,1122042,28622687.37,1.65,459.84,518.87
20251202,600000.SH,浦发银行,银行,25.46,25.58,25.33,25.43,-0.29,902512,22954820.96,2.78,548.83,653.96
20251203,600000.SH,浦发银行,银行,25.34,25.63,25.21,25.41,-0.1,907776,23065826.22,1.3,587.64,669.92
20251204,600000.SH,浦发银行,银行,25.45,25.65,25.45,25.61,0.8,1318566,33770472.17,1.31,517.14,659.99
20251205,600000.SH,浦发银行,银行,25.61,25.65,25.56,25.6,-0.06,1226281,31389101.49,1.76,288.94,424.85
20251208,600000.SH,浦发银行,银行,25.65,25.7,25.4,25.43,-0.64,676322,17200577.43,3.13,769.78,977.55
20251209,600000.SH,浦发银行,银行,25.57,25.74,25.37,25.45,0.05,1206081,30689119.18,1.96,328.49,365.16
20251210,600000.SH,浦发银行,银行,25.36,25.39,24.91,25.14,-1.21,1160873,29181540.58,1.28,647.33,799.07
20251211,600000.SH,浦发银行,银行,25.09,25.24,24.62,24.67,-1.86,1245103,30717769.38,0.14,547.46,640.73
20251212,600000.SH,浦发银行,银行,24.49,25.21,24.46,25.12,1.83,942397,23675006.58,1.73,837.4,960.38
20251215,600000.SH,浦发银行,银行,25.06,25.41,24.89,25.21,0.37,740869,18680990.59,2.35,489.11,586.69
20251216,600000.SH,浦发银行,银行,25.33,25.42,24.97,25.16,-0.23,771915,19418607.51,1.75,787.82,859.54
20251217,600000.SH,浦发银行,银行,25.16,25.29,25.09,25.2,0.18,1013581,25545178.1,1.06,339.93,381.28
20251218,600000.SH,浦发银行,银行,25.06,25.62,24.88,25.39,0.75,1157824,29399737.37,1.88,617.35,793.89
20251219,600000.SH,浦发银行,银行,25.35,25.68,25.09,25.24,-0.62,837417,21132260.23,2.83,197.84,263.32
20251222,600000.SH,浦发银行,银行,25.18,25.43,24.95,25.41,0.69,1151310,29254640.87,0.98,479.27,687.24
20251223,600000.SH,浦发银行,银行,25.43,25.51,25.13,25.25,-0.62,1186727,29966646.68,3.01,379.84,540.15
20251224,600000.SH,浦发银行,银行,25.25,25.33,24.86,24.9,-1.39,1055062,26271781.6,1.94,524.06,562.77
20251225,600000.SH,浦发银行,银行,24.98,25.33,24.89,25.25,1.41,1127057,28459462.89,1.3,866.1,1068.34
20251226,600000.SH,浦发银行,银行,25.41,25.61,25.37,25.57,1.25,1147391,29334384.24,2.63,467.63,592.41
20251229,600000.SH,浦发银行,银行,25.37,25.39,25.05,25.33,-0.93,1247459,31596369.96,3.43,611.4,684.75
20251230,600000.SH,浦发银行,银行,25.3,25.72,25.23,25.63,1.17,1340809,34358762.31,2.55,372.59,455.65
20251231,600000.SH,浦发银行,银行,25.73,25.8,25.48,25.59,-0.15,1231668,31515336.94,2.58,626.69,838.63
20250901,300750.SZ,宁德时代,电池,49.28,49.28,48.62,48.72,-0.42,856553,41728266.43,0.28,350.8,424.39
20250902,300750.SZ,宁德时代,电池,48.73,49.19,48.48,48.99,0.56,1204685,59019214.45,2.03,524.01,619.54
20250903,300750.SZ,宁德时代,电池,49.21,49.5,48.57,48.58,-0.84,1053210,51166936.71,0.32,656.63,767.6
20250904,300750.SZ,宁德时代,电池,48.54,49.07,48.48,48.71,0.26,1029315,50138377.82,2.83,603.27,624.91
20250905,300750.SZ,宁德时代,电池,48.83,49.47,48.7,49.27,1.14,867509,42739768.32,2.46,435.73,650.3
20250908,300750.SZ,宁德时代,电池,49.11,49.24,48.75,49.17,-0.19,894597,43988883.72,0.08,802.44,992.67
20250909,300750.SZ,宁德时代,电池,49.28,49.5,48.67,48.95,-0.45,1199155,58697590.9,1.62,614.9,741.3
20250910,300750.SZ,宁德时代,电池,48.97,49.87,48.79,49.38,0.88,913744,45119241.57,2.74,531.18,715.33
20250911,300750.SZ,宁德时代,电池,49.08,49.31,48.94,49.24,-0.27,940043,46291800.46,1.66,803.23,955.04
20250912,300750.SZ,宁德时代,电池,49.27,50.13,49.05,49.78,1.1,945465,47068714.17,2.28,345.95,367.63
20250915,300750.SZ,宁德时代,电池,49.71,49.92,49.16,49.3,-0.97,1380416,68052390.0,2.26,344.31,414.15
20250916,300750.SZ,宁德时代,电池,49.4,50.11,49.07,50.1,1.62,667613,33444375.56,1.76,486.08,506.11
20250917,300750.SZ,宁德时代,电池,50.09,50.64,49.03,49.44,-1.3,996621,49276395.54,2.48,570.79,743.95
20250918,300750.SZ,宁德时代,电池,49.58,50.3,49.04,50.24,1.61,1344346,67541265.21,2.78,345.41,429.75
20250919,300750.SZ,宁德时代,电池,50.2,50.81,49.12,49.21,-2.05,1213868,59733577.93,2.05,832.25,1002.46
20250922,300750.SZ,宁德时代,电池,49.17,49.43,49.17,49.28,0.15,1250430,61624076.92,3.33,585.01,639.27
20250923,300750.SZ,宁德时代,电池,49.49,49.76,49.4,49.58,0.61,1199472,59475108.26,3.1,11.19,15.19
20250924,300750.SZ,宁德时代,电池,49.66,50.12,49.59,50.0,0.83,1133272,56660161.72,0.86,661.52,802.44
20250925,300750.SZ,宁德时代,电池,50.11,50.79,50.08,50.76,1.53,1140438,57889404.53,2.17,621.59,705.33
20250926,300750.SZ,宁德时代,电池,50.68,51.03,49.98,50.16,-1.19,1082989,54319483.37,0.74,265.95,340.3
20250929,300750.SZ,宁德时代,电池,50.16,50.46,49.68,49.92,-0.47,951329,47491595.89,3.35,600.8,623.95
20250930,300750.SZ,宁德时代,电池,50.07,50.36,49.78,50.17,0.51,998790,50114284.08,3.75,325.25,403.11
20251001,300750.SZ,宁德时代,电池,49.99,50.09,49.56,49.83,-0.69,1243992,61986085.1,1.34,417.46,466.37
20251002,300750.SZ,宁德时代,电池,49.93,50.33,48.44,48.82,-2.02,919168,44876952.67,3.11,730.94,857.13
20251003,300750.SZ,宁德时代,电池,48.78,48.93,48.32,48.85,0.06,828291,40463975.9,1.1,688.27,834.75
20251006,300750.SZ,宁德时代,电池,48.71,48.9,47.83,47.96,-1.82,1078759,51739985.38,2.85,482.3,589.48
20251007,300750.SZ,宁德时代,电池,48.12,48.46,47.6,47.64,-0.67,867014,41305328.95,3.72,700.88,783.89
20251008,300750.SZ,宁德时代,电池,47.61,47.91,46.76,46.87,-1.61,966735,45312678.68,1.67,646.24,870.87
20251009,300750.SZ,宁德时代,电池,46.84,46.87,46.19,46.32,-1.18,777177,35998458.65,2.72,547.77,701.34
20251010,300750.SZ,宁德时代,电池,46.28,47.21,46.21,47.06,1.6,999314,47028061.47,2.33,484.54,512.41
20251013,300750.SZ,宁德时代,电池,47.09,48.06,46.59,47.81,1.6,1012665,48416502.05,2.59,719.69,950.48
20251014,300750.SZ,宁德时代,电池,47.92,48.26,47.61,47.67,-0.29,1201132,57259093.03,1.58,485.52,592.1
20251015,300750.SZ,宁德时代,电池,47.9,48.13,47.44,47.78,0.23,767878,36688645.57,1.54,362.42,434.99
20251016,300750.SZ,宁德时代,电池,47.86,47.89,47.04,47.58,-0.41,1095183,52114179.17,1.87,592.81,752.17
20251017,300750.SZ,宁德时代,电池,47.44,47.71,47.38,47.54,-0.1,1184874,56325107.19,2.46,500.6,633.49
20251020,300750.SZ,宁德时代,电池,47.59,47.95,47.06,47.35,-0.4,1289312,61042758.71,1.77,558.67,618.93
20251021,300750.SZ,宁德时代,电池,47.3,48.12,47.2,47.82,1.01,1068150,51081569.69,0.3,233.91,305.82
20251022,300750.SZ,宁德时代,电池,47.83,48.27,47.43,47.91,0.18,1222667,58577673.55,2.63,294.51,372.96
20251023,300750.SZ,宁德时代,电池,47.87,48.54,47.78,48.5,1.23,1136809,55133760.25,1.88,453.32,481.86
20251024,300750.SZ,宁德时代,电池,48.65,49.05,47.51,47.73,-1.58,1300246,62064488.89,1.63,506.49,630.81
20251027,300750.SZ,宁德时代,电池,47.98,48.28,47.58,47.69,-0.08,946074,45120818.85,1.5,684.66,690.36
20251028,300750.SZ,宁德时代,电池,47.83,48.37,47.48,48.27,1.22,1485859,71726664.93,2.21,662.52,826.58
20251029,300750.SZ,宁德时代,电池,48.21,48.72,48.04,48.57,0.61,913539,44366714.31,2.82,677.59,789.16
20251030,300750.SZ,宁德时代,电池,48.59,48.8,48.29,48.79,0.46,1027519,50130461.88,2.26,131.96,167.54
20251031,300750.SZ,宁德时代,电池,48.75,49.16,47.68,48.13,-1.34,942207,45352888.65,1.08,600.16,702.43
20251103,300750.SZ,宁德时代,电池,47.96,48.64,47.56,48.35,0.44,731575,35369520.91,1.47,381.74,490.02
20251104,300750.SZ,宁德时代,电池,48.39,48.42,47.28,47.45,-1.86,1161636,55116563.48,0.53,247.56,280.33
20251105,300750.SZ,宁德时代,电池,47.41,48.01,47.27,47.83,0.82,925540,44272473.52,1.57,461.4,574.38
20251106,300750.SZ,宁德时代,电池,47.69,49.27,47.68,49.18,2.8,971066,47752570.32,3.31,678.22,867.42
20251107,300750.SZ,宁德时代,电池,49.07,49.17,48.97,49.01,-0.33,910267,44614127.1,2.64,284.33,324.16
20251110,300750.SZ,宁德时代,电池,49.02,49.66,48.84,49.46,0.91,1166889,57714898.99,1.54,797.49,1030.75
20251111,300750.SZ,宁德时代,电池,49.71,49.88,49.59,49.76,0.6,1338145,66581834.97,2.39,771.81,948.91
20251112,300750.SZ,宁德时代,电池,49.65,50.69,49.34,50.41,1.3,1181322,59545766.89,0.55,173.69,186.42
20251113,300750.SZ,宁德时代,电池,50.49,50.77,50.26,50.6,0.38,1094494,55380065.11,3.09,719.54,825.08
20251114,300750.SZ,宁德时代,电池,50.6,50.94,50.51,50.78,0.36,1036842,52649373.24,2.7,544.35,701.85
20251117,300750.SZ,宁德时代,电池,50.78,51.15,50.5,50.88,0.2,1280185,65133758.37,2.63,490.46,605.9
20251118,300750.SZ,宁德时代,电池,50.64,51.29,50.21,51.04,0.32,1020991,52113294.3,0.15,509.08,627.39
20251119,300750.SZ,宁德时代,电池,51.41,51.75,50.25,50.5,-1.06,994744,50234099.4,2.51,700.59,885.31
20251120,300750.SZ,宁德时代,电池,50.55,50.63,50.13,50.24,-0.51,823922,41396829.77,2.34,531.63,658.66
20251121,300750.SZ,宁德时代,电池,50.05,50.67,49.83,50.42,0.35,761916,38416887.75,2.04,359.34,420.14
20251124,300750.SZ,宁德时代,电池,50.52,51.54,50.47,51.0,1.14,803718,40987308.84,2.2,38.98,54.2
20251125,300750.SZ,宁德时代,电池,51.08,51.26,50.9,51.19,0.38,998739,51128515.07,1.46,419.59,521.69
20251126,300750.SZ,宁德时代,电池,51.46,51.71,50.4,50.63,-1.1,889646,45042019.82,1.07,591.92,724.36
20251127,300750.SZ,宁德时代,电池,50.63,50.77,50.43,50.55,-0.16,914513,46228175.35,2.06,730.23,783.19
20251128,300750.SZ,宁德时代,电池,50.45,50.64,49.95,50.28,-0.53,951060,47821603.16,2.14,482.11,502.96
20251201,300750.SZ,宁德时代,电池,50.39,50.65,50.14,50.63,0.69,832445,42148192.99,3.56,844.6,1054.25
20251202,300750.SZ,宁德时代,电池,50.82,50.87,49.76,50.18,-0.9,887187,44516464.41,2.38,459.28,585.68
20251203,300750.SZ,宁德时代,电池,50.32,50.41,49.64,49.86,-0.63,1113701,55532587.5,2.19,80.41,96.18
20251204,300750.SZ,宁德时代,电池,49.89,50.42,49.73,49.92,0.1,997103,49770525.07,0.65,210.5,240.64
20251205,300750.SZ,宁德时代,电池,49.89,50.04,49.67,49.85,-0.13,1200908,59865946.77,1.87,597.89,674.76
20251208,300750.SZ,宁德时代,电池,49.92,50.15,49.12,50.03,0.36,869889,43520269.63,4.05,480.31,545.77
20251209,300750.SZ,宁德时代,电池,50.2,50.28,50.03,50.08,0.1,743768,37249425.94,1.76,261.2,322.57
20251210,300750.SZ,宁德时代,电池,50.24,50.98,49.99,50.83,1.5,721473,36675041.52,2.35,612.69,783.22
20251211,300750.SZ,宁德时代,电池,50.65,51.49,50.37,51.0,0.33,830973,42381934.0,3.51,76.69,83.48
20251212,300750.SZ,宁德时代,电池,51.04,51.21,50.38,50.52,-0.95,1116090,56385100.11,0.95,396.79,427.44
20251215,300750.SZ,宁德时代,电池,50.42,50.49,49.37,50.23,-0.57,722316,36282305.87,1.82,632.49,762.12
20251216,300750.SZ,宁德时代,电池,50.07,51.12,49.87,50.93,1.4,1159237,59041672.64,2.12,545.1,620.99
20251217,300750.SZ,宁德时代,电池,50.76,50.93,49.91,49.98,-1.87,1142911,57122739.91,0.92,623.63,809.8
20251218,300750.SZ,宁德时代,电池,50.02,50.5,48.68,48.87,-2.23,1195553,58422135.5,2.02,667.08,773.62
20251219,300750.SZ,宁德时代,电池,48.8,48.89,48.33,48.48,-0.79,821216,39812206.97,2.87,380.93,410.64
20251222,300750.SZ,宁德时代,电池,48.55,49.09,47.9,48.02,-0.95,1139981,54740495.37,3.01,409.32,457.11
20251223,300750.SZ,宁德时代,电池,48.04,48.41,48.03,48.1,0.16,912952,43909936.77,0.93,456.43,550.74
20251224,300750.SZ,宁德时代,电池,48.11,48.99,47.81,48.66,1.17,845559,41144880.92,1.08,372.01,437.5
20251225,300750.SZ,宁德时代,电池,48.76,48.92,47.97,48.26,-0.81,1055033,50920689.91,1.65,581.04,644.26
20251226,300750.SZ,宁德时代,电池,48.15,48.61,47.51,48.33,0.15,1169014,56504164.94,2.71,491.53,606.38
20251229,300750.SZ,宁德时代,电池,48.52,48.92,48.43,48.43,0.2,1326752,64259178.6,1.49,583.1,725.24
20251230,300750.SZ,宁德时代,电池,48.48,48.64,47.63,47.82,-1.26,822365,39327758.0,0.58,239.97,288.48
20251231,300750.SZ,宁德时代,电池,47.87,48.15,47.68,47.97,0.31,890180,42703265.21,1.82,696.0,823.99
